"model","n","r2","adj_r2"
"M1_base",468,0.213887776456357,0.205380068409348
"M2_extended",468,0.22609276595125,0.214315916737465
