"statistic","df","p_value","cramers_v","n_total"
52.8568355221847,4,9.1302938787215e-11,0.239433612956108,461
