case_id,platform,platform_video_id,video_url,author_name,title,like_count,follower_count,published_at,comment_count,visual_main_arousal_label,visual_main_arousal_share,text_arousal_label,text_arousal_confidence,comment_count_effective,anger_count,anger_mean_score,anger_rate,high_anger_flag
v001,douyin,7582558309317643520,https://www.douyin.com/video/7582558309317643520,壹格律师,沉浸式观看，违法记录封存 #深度理性计划 #抖来普法2025 #违法记录封存 #违法记录 #青年大学习,54688,69000,2025-12-11T03:19:09+00:00,1509,Informational,0.804688,Mitigating,high,1509,179,0.11889015811374236,0.11862160371106693,0
v002,douyin,7587736919656779023,https://www.douyin.com/video/7587736919656779023,法山叔,刑辩律师解读：“吸毒封存”官方回应 #热点新闻事件 #治安管理处罚法 #刑事辩护  #律师 #法山叔,4380,57000,2025-12-25T02:14:45+00:00,455,Informational,0.571157,Mitigating,high,455,70,0.15415336875586225,0.15384615384615385,0
v003,douyin,7587492909620940041,https://www.douyin.com/video/7587492909620940041,推石头的林律师,人大法工委回应封存制度，强调管控毒品态度没改变 害怕大家误解，这次特意强调我国禁毒立场不变，我国对毒品犯罪的惩治力度未减弱。同时，治理吸毒问题的重点在戒毒，封存制度并未改变此前对戒毒、吸毒人员信息的管控。#官方正式回应吸毒记录封存 #封存制度 #禁毒 #禁毒宣传 #治安管理处罚法,5689,8547,2025-12-24T10:28:48+00:00,412,Informational,0.645299,Mitigating,high,412,69,0.16943178668191747,0.16747572815533981,0
v004,douyin,7578778676385950314,https://www.douyin.com/video/7578778676385950314,麦片是只小金毛,聊聊封存事件 #抖音知识年终大赏,2181077,2489000,2025-11-30T22:52:07+00:00,11736,Informational,0.98659,Mitigating,medium,11736,844,0.07228133247270899,0.07191547375596455,0
v005,douyin,7580569267179965750,https://www.douyin.com/video/7580569267179965750,刑事律师路俊远,吸毒记录一旦封存了是不是就没人管了 #石家庄律师 #刑事案件 #违法记录封存 #刑事律师 #抖来普法2025,2227,19000,2025-12-05T18:40:27+00:00,54,Informational,0.643275,Mitigating,high,54,6,0.11141004926806393,0.1111111111111111,0
v006,douyin,7578476473040784680,https://www.douyin.com/video/7578476473040784680,央视新闻,治安违法记录封存不是“删除记录”，记录仍完整留存于公安系统。幼师、网约车司机等关键岗位招聘，可依法查询吸毒记录。,779168,180000000,2025-11-30T03:19:32+00:00,25,Informational,0.605263,Mitigating,high,25,1,0.04991396279554465,0.04,0
v007,douyin,7580726595502099727,https://www.douyin.com/video/7580726595502099727,北京刑事律师张喜邦,吸毒记录封存”不是放任，国家严管和帮扶不会少 #北京刑事律师张喜邦 #贩毒的量刑标准是多少 #刑辩律师 #吸毒记录封存政策 #吸毒检测,2919,88000,2025-12-06T04:51:08+00:00,119,Informational,0.483254,Mitigating,high,119,22,0.18443044916784856,0.18487394957983194,0
v008,douyin,7579908468543442227,https://www.douyin.com/video/7579908468543442227,中国蓝新闻,#吸毒记录封存 的讨论还在继续。我们不是不知道封存不等于删除记录，但网友们焦虑的背后，是不希望吸毒的违法成本被降低，更是对司法公正的深切担忧。看见并尊重民众关切，倾听人们的心声，及时并做出反馈和调整，是对#良法善治 的合理期待。#吸毒 #毒品 #民生,528978,6630000,2025-12-03T23:56:12+00:00,6559,Informational,1.0,Informational,medium,6559,948,0.1446947580036171,0.1445342277786248,0
v009,douyin,7579511915378937138,https://www.douyin.com/video/7579511915378937138,云新闻(云南日报),“吸毒记录封存”引发网友热议，公众的一些核心关切，值得被关注和听见#缉毒 #云南 #禁毒,847443,2016000,2025-12-02T22:17:23+00:00,4069,Intensifying,0.833333,Intensifying,high,4069,1199,0.29449666540379565,0.29466699434750554,0
v010,douyin,7587362665106820362,https://www.douyin.com/video/7587362665106820362,小龙新说,“哪位少爷吸了”，全国人大法工委最新回应。#人大法工委回应哪位少爷吸了 #禁毒 #新治安管理处罚法,14847,46000,2025-12-24T02:02:22+00:00,615,Mitigating,0.931298,Mitigating,high,615,70,0.11332312723919508,0.11382113821138211,0
v011,douyin,7578759274223283121,https://www.douyin.com/video/7578759274223283121,第一财经,吸毒记录封存，为“少爷”开绿灯？专家解读,100689,11532000,2025-11-30T21:36:46+00:00,5317,Informational,0.5,Mitigating,high,5317,743,0.14092791006716732,0.13974045514387812,0
v012,douyin,7580176443884293422,https://www.douyin.com/video/7580176443884293422,九派新闻,12月4日，#微博通报涉吸毒记录议题违规案例：#恶意揣测吸毒记录议题账号被禁言。,131050,28603000,2025-12-04T17:16:04+00:00,59,Intensifying,0.46875,Mitigating,high,59,9,0.15261821218858024,0.15254237288135594,0
v013,douyin,7579579979429828858,https://www.douyin.com/video/7579579979429828858,大风新闻,云南日报连发10条禁毒视频后，各地文旅号也加入战斗#吸毒记录封存 #各地文旅禁毒宣传 #云南 #三生教育 #致敬缉毒警察,332420,3525000,2025-12-03T02:41:33+00:00,532,Informational,0.679739,Intensifying,high,532,116,0.2184652611146354,0.21804511278195488,0
v014,douyin,7579500380678065458,https://www.douyin.com/video/7579500380678065458,潮新闻,浙江宣传发文：“吸毒记录封存”之忧要被听见,814134,25820000,2025-12-02T21:32:39+00:00,237,Intensifying,0.655738,Intensifying,medium,237,40,0.16871828200266525,0.16877637130801687,0
v015,douyin,7579510737823960361,https://www.douyin.com/video/7579510737823960361,观察者网,侠客岛：应当直面“吸毒记录被封存”的讨论,35138,14643000,2025-12-02T22:12:57+00:00,1089,Mitigating,0.6,Mitigating,high,1089,229,0.20997181674095727,0.21028466483011937,0
v016,douyin,7587340889564007686,https://www.douyin.com/video/7587340889564007686,九派新闻,12月24日报道，#法工委回应哪位少爷吸了等言论  ：中华人民共和国公民在法律面在法律面前一律平等，立法工作不受任何特殊利益群体的不当影响。,4670,28603000,2025-12-24T00:38:03+00:00,346,Mitigating,0.452381,Mitigating,high,346,3,0.00913838119847657,0.008670520231213872,0
v017,douyin,7578002425404017946,https://www.douyin.com/video/7578002425404017946,百姓关注,2026年新规“吸毒记录等将被封存”引热议，专家称这非对特定群体保护，是可改过自新的政策。,58624,14193000,2025-11-28T20:39:51+00:00,45,Intensifying,0.692308,Mitigating,high,45,1,0.022278093357292365,0.022222222222222223,0
v018,douyin,7579550983668190474,https://www.douyin.com/video/7579550983668190474,第一财经,如果吸毒者的记录可以被封存，禁毒英雄的牺牲是否被辜负？浙江宣传：“吸毒记录封存”之忧要被听见，法治进步既需要专业的构建，也需要人心的认同！,193539,11532000,2025-12-03T00:48:59+00:00,1045,Informational,0.75,Informational,high,1045,228,0.218385725766788,0.21818181818181817,0
v019,douyin,7579434968432546929,https://www.douyin.com/video/7579434968432546929,逐浪新闻,“吸毒记录封存”之忧要被听见！,109907,27945000,2025-12-02T17:18:49+00:00,3984,Intensifying,0.5,Intensifying,medium,3984,612,0.15362568824881478,0.1536144578313253,0
v020,douyin,7582255263937695033,https://www.douyin.com/video/7582255263937695033,新闻联合播,中国如何管理吸毒人员 你了解中国相关部门是如何管理吸毒人员的吗？强制戒毒、动态管理、长期追踪管控、戒断后帮扶，这是一个复杂的体系，也是一套精密的运行系统。中国是目前禁毒法律最严格、体系最完备的国家。一部法律修订，实际上是一场关于救赎与惩罚的辩论。#禁毒 #戒毒 #吸毒人员,53161,329000,2025-12-10T07:43:39+00:00,1349,Informational,0.465035,Mitigating,high,1349,128,0.09555941378364041,0.09488510007412898,0
v021,douyin,7587273492169542939,https://www.douyin.com/video/7587273492169542939,海报新闻,关于“吸毒记录封存”等最新回应（人民日报） #热点 #热点新闻事件 #社会百态 #法律 #社会,2852,18444000,2025-12-23T20:16:18+00:00,5,Informational,1.0,Mitigating,high,5,0,0.00030465326126432045,0.0,0
v022,douyin,7577783814521731173,https://www.douyin.com/video/7577783814521731173,青春登封,我们的态度 永远是零容忍 #禁毒  #致敬缉毒警 #吸毒记录封存期限  （视频来源：@洛阳旅游 ）,98325,5535,2025-11-28T06:31:25+00:00,32,Mitigating,0.529412,Intensifying,high,32,3,0.09412404879958558,0.09375,0
v023,douyin,7585581874920787249,https://www.douyin.com/video/7585581874920787249,广州交通电台,前戒毒所所长谈吸毒记录封存： 修订后的法规在具体落地实施过程中 也应该及时回应公众关切   建议“附条件封存” 给法律“打补丁”,3062,6120000,2025-12-19T06:52:06+00:00,377,Informational,0.933333,Mitigating,medium,377,106,0.2812676113594474,0.28116710875331563,0
v024,douyin,7580666173138783522,https://www.douyin.com/video/7580666173138783522,蓝江律师,中国禁毒寸步不让！ 我国法律对吸毒人员的处罚力度 #毒品零容忍#抖来普法2025,64261,2672000,2025-12-06T00:56:35+00:00,1520,Mitigating,1.0,Mitigating,high,1520,281,0.18529935921801075,0.18486842105263157,0
v025,douyin,7579967741646408994,https://www.douyin.com/video/7579967741646408994,新闻联合播,当我们探讨“吸毒记录封存” 我们在讨论什么？ “吸毒记录封存”的本质是什么？是在一定程度上隐匿违法前科。封存记录不等于抹去罪恶，它更像是一道法治社会的精密阀门，既对屡教不改者紧锁，也给真心悔改者留一扇透着光的窗。但我们也不得不问：这道阀门能否拧紧？#禁毒 #治安管理处罚法 #云南禁毒,492749,329000,2025-12-04T03:46:23+00:00,85,Mitigating,0.53112,Intensifying,high,85,0,0.0022141643217764794,0.0,0
v026,douyin,7578419655464318592,https://www.douyin.com/video/7578419655464318592,大众新闻•半岛都市报,2026年起“吸毒记录”可被封存引发热议，专家回应（来源大河报 云南网 编辑 王春红）,216402,2842000,2025-11-29T23:38:52+00:00,164,Intensifying,0.375,Mitigating,medium,164,21,0.12828762807258476,0.12804878048780488,0
v027,douyin,7579892149106330914,https://www.douyin.com/video/7579892149106330914,郑州广播电视台,12月3日，浙江宣传发布推文《“吸毒记录封存”之忧要被听见》。文中提到:不能将公众的复杂情绪简单归结为“不懂法”“不理解法治进步”。#禁毒 #禁毒宣传 （编辑：梦缘  审核：杨琼  统筹：瑞丽）,72833,54000,2025-12-03T22:52:55+00:00,1743,Intensifying,0.588235,Mitigating,high,1743,294,0.16865482596239983,0.1686746987951807,0
v028,douyin,7587339207970983202,https://www.douyin.com/video/7587339207970983202,直新闻,12月24日，全国人大常委会法制工作委员会有关负责人对“吸毒记录封存”引起的讨论作出了说明和回应。#社会热点  #吸毒记录封存政策  #主播直说 #媒体精选计划,9183,12369000,2025-12-24T00:31:26+00:00,176,Mitigating,0.517241,Mitigating,high,176,29,0.1645486899556917,0.16477272727272727,0
v029,douyin,7579472706169591163,https://www.douyin.com/video/7579472706169591163,中国蓝新闻,最近，“吸毒记录封存”成为舆论漩涡的中心。12月3日，浙江宣传发文《 “吸毒记录封存”之忧要被听见》，公众的强烈反应，不能被简单归结为对“改过自新”等理念的否定。#禁毒 #致敬缉毒警察 #浙江宣传,310841,6630000,2025-12-02T19:45:14+00:00,7703,Informational,0.666667,Informational,high,7703,1294,0.1681156726542012,0.16798649876671426,0
v030,douyin,7579909119274253686,https://www.douyin.com/video/7579909119274253686,阿勒泰市融媒,“吸毒记录封存”之忧要被听见。对毒品犯罪零容忍！#禁毒#禁毒宣传 #打卡我的阿勒泰,91471,196000,2025-12-03T23:58:47+00:00,3399,Intensifying,0.666667,Intensifying,high,3399,502,0.1479982657354848,0.1476904972050603,0
v031,douyin,7579828028428045595,https://www.douyin.com/video/7579828028428045595,中安在线,事关“吸毒记录封存”，浙江宣传发出灵魂拷问,133952,1293000,2025-12-03T18:44:03+00:00,1027,Mitigating,0.957746,Intensifying,medium,1027,184,0.17993984141181107,0.17916260954235638,0
v032,douyin,7578730342039719203,https://www.douyin.com/video/7578730342039719203,广西台新闻910,“吸毒记录等将被封存”引热议，专家解读强调：并非对特定群体保护！（编辑：一只大鱼鱼）,3106,263000,2025-11-30T19:44:29+00:00,1742,Mitigating,0.526316,Mitigating,high,1742,284,0.16292508720856122,0.16303099885189437,0
v033,douyin,7587380360196042971,https://www.douyin.com/video/7587380360196042971,评论员刘雪松,吸毒记录封存，有了正式回应 #官方正式回应“吸毒记录封存”#官方回应哪位少爷吸了 #抖音热评,43070,10694000,2025-12-24T03:11:03+00:00,1188,Informational,0.575758,Mitigating,high,1188,83,0.07119948927335003,0.06986531986531987,0
v034,douyin,7579304476411030948,https://www.douyin.com/video/7579304476411030948,青春登封,"群众的不满从不是空穴来风！""哪位少爷吸了"",撕开新规争议。（视频来源：@济南日报 ） （济南日报．爱济南 视频：孙晓清 实习生：邱乾国 文案：孙晓清 曹雅欣 校对：苏友永）#禁毒防艾宣传 #禁毒 #遵纪守法    #禁毒你我同行",60726,5535,2025-12-02T08:52:27+00:00,200,Intensifying,1.0,Intensifying,high,200,28,0.14306892063079432,0.14,0
v035,douyin,7577977847189381306,https://www.douyin.com/video/7577977847189381306,公关世界杂志社记者编辑部,吸毒记录可封存！2026年新规，吸毒记录可以封存引热议。律师：封存不意味着彻底清除，特定情况下可查询。#吸毒 #治安管理处罚法修订,192533,70000,2025-11-28T19:04:22+00:00,38,Mitigating,1.0,Mitigating,high,38,1,0.02639021507485794,0.02631578947368421,0
v036,douyin,7578811377679191332,https://www.douyin.com/video/7578811377679191332,极目新闻,"""治安违法记录封存制度""引发关注，涉毒艺人开演唱会是谁开的绿灯？极目评：防范吸毒艺人复出的红线到底有没有",95714,31354000,2025-12-01T00:59:02+00:00,2496,Informational,0.708333,Mitigating,high,2496,405,0.16261864229869763,0.1622596153846154,0
v037,douyin,7578841587762917539,https://www.douyin.com/video/7578841587762917539,齐鲁晚报·果然视频,人大代表儿子吸毒，所以呼吁前科封存？本人回应,40328,32999000,2025-12-01T02:56:11+00:00,1409,Mitigating,0.8,Informational,high,1409,105,0.07575380984025855,0.0745209368346345,0
v038,douyin,7579441443908352358,https://www.douyin.com/video/7579441443908352358,半月谈,浙江宣传：“吸毒记录封存”之忧要被听见 #半月谈 #半月谈关注,275960,4106000,2025-12-02T17:43:55+00:00,6523,Mitigating,1.0,Mitigating,high,6523,771,0.1188436490780889,0.11819714855128008,0
v039,douyin,7579478973164342571,https://www.douyin.com/video/7579478973164342571,海报新闻,“‘吸毒记录封存’之忧要被听见”，“浙江宣传”发文引关注（浙江宣传）,499216,18444000,2025-12-02T20:09:39+00:00,10949,Informational,0.647059,Informational,high,10949,1430,0.13072337769450482,0.13060553475203215,0
v040,douyin,7579464333218925867,https://www.douyin.com/video/7579464333218925867,党员生活,浙江宣传：“吸毒记录封存”之忧要被听见,252201,518000,2025-12-02T19:12:49+00:00,7079,Mitigating,1.0,Informational,high,7079,782,0.11078548007456016,0.11046758016669021,0
v041,douyin,7579585730876296511,https://www.douyin.com/video/7579585730876296511,大象新闻,浙江宣传发表评论：“吸毒记录封存”之忧要被听见，理解其背后的民族情感与安全诉求，是公共政策赢得广泛认同的基石#大象主播说 @盛梦珂 Kerr,680490,40197000,2025-12-03T03:03:55+00:00,9073,Mitigating,0.451613,Mitigating,high,9073,706,0.07826593229215936,0.07781329218560565,0
v042,douyin,7579865656779396273,https://www.douyin.com/video/7579865656779396273,中国蓝新闻,12月3日，浙江宣传发文《“吸毒记录封存”之忧要被听见》，再次在评论区里引发网友热烈的讨论。“凡涉毒，零容忍！”这些点赞最高的评论，也应被看见。#吸毒记录封存 #缉毒警察 #禁毒,145489,6630000,2025-12-03T21:10:08+00:00,2253,Informational,0.583333,Intensifying,high,2253,474,0.210290360595231,0.2103861517976032,0
v043,douyin,7580293544470369353,https://www.douyin.com/video/7580293544470369353,评论员刘雪松,吸毒档案封存，可否等完全戒除？ #中国是世界管理毒品最严格的国家 #吸毒档案封存 #抖音热评,312550,10694000,2025-12-05T00:50:36+00:00,150,Informational,0.767068,Mitigating,medium,150,11,0.07338304618717909,0.07333333333333333,0
v044,douyin,7578813069522980131,https://www.douyin.com/video/7578813069522980131,中国蓝新闻,#吸毒记录将被封存 引发热议，绝大部分网友持反对态度担心这是“纵容违法”、为“热定人群”开绿灯、对不起“#缉毒民警 的牺牲”。专家解读：封存记录是对所有人的保护，#幼师 #保安#网约车司机 等特定职业有“无吸毒记录”准入要求。#毒品  #违法犯罪,46901,6630000,2025-12-01T01:05:31+00:00,3664,Mitigating,0.925373,Mitigating,high,3664,533,0.14602132685354957,0.14546943231441048,0
v045,douyin,7579681355970268457,https://www.douyin.com/video/7579681355970268457,红星新闻,“浙江宣传”发文《“吸毒记录封存”之忧要被听见》 不能将公众的复杂情绪简单归结为 “不懂法”“不理解法治进步”,468872,38237000,2025-12-03T14:00:40+00:00,840,Informational,0.448276,Intensifying,medium,840,75,0.0898621647700782,0.08928571428571429,0
v046,douyin,7585463556707978534,https://www.douyin.com/video/7585463556707978534,新京报,前戒毒所所长谈吸毒记录封存（一）：吸毒人员的直系亲属特别是配偶，应该被赋予查询的权利#媒体精选计划,114951,27385000,2025-12-18T23:12:50+00:00,40,Informational,1.0,Mitigating,medium,40,3,0.07562118672503856,0.075,0
v047,douyin,7581372449426558246,https://www.douyin.com/video/7581372449426558246,文成融媒,浙江宣传：“吸毒记录封存”之忧要被听见。 #浙江 #禁毒,361835,105000,2025-12-07T22:37:11+00:00,10115,Informational,0.6875,Informational,high,10115,444,0.04412159823096789,0.043895205140879884,0
v048,douyin,7585464395833101578,https://www.douyin.com/video/7585464395833101578,新京报,前戒毒所所长谈吸毒记录封存（三）：成年人因为误吸或初次吸毒被处罚，违法记录应由本人申请，但需要一定时间考察；对于严重违法人员可以暂时不做改动#媒体精选计划,12382,27385000,2025-12-18T23:16:08+00:00,764,Mitigating,0.560606,Mitigating,high,764,118,0.1550270568107298,0.1544502617801047,0
v049,douyin,7587632139663904052,https://www.douyin.com/video/7587632139663904052,中山网,全国人大常委会法工委回应吸毒记录封存等问题。 #禁毒 #缉毒 #吸毒记录封存,14891,420000,2025-12-24T19:28:14+00:00,563,Mitigating,1.0,Mitigating,high,563,37,0.0677807615311055,0.06571936056838366,0
v050,douyin,7579575848647431066,https://www.douyin.com/video/7579575848647431066,齐鲁晚报·果然视频,吸毒记录封存之忧要被听见，法律落地应当顾及公众体感,226404,32999000,2025-12-03T02:25:27+00:00,1268,Informational,0.536232,Intensifying,medium,1268,113,0.09006103200065547,0.08911671924290221,0
v051,douyin,7579454658058423603,https://www.douyin.com/video/7579454658058423603,半月谈,浙江宣传：无论是对以权谋私的警惕，还是对公共安全的担忧，最终都指向一个实践命题——当治安违法记录封存制度于2026年正式施行时，应当如何精密设计、有效执行，真正让绝不纵容吸毒行为落到实处，也让普通群众的安全感得到切实呵护?#半月谈关注  #半月谈,333404,4106000,2025-12-02T18:35:11+00:00,9353,Informational,1.0,Informational,high,9353,1454,0.15627753978404774,0.15545814177269326,0
v052,douyin,7579816481233872358,https://www.douyin.com/video/7579816481233872358,西安广播电视台,浙江宣传发文《“吸毒记录封存”之忧要被听见》#你好我的城 #吸毒,43535,1788000,2025-12-03T17:59:24+00:00,1774,Informational,0.525,Informational,high,1774,328,0.1848875853458795,0.18489289740698986,0
v053,douyin,7578705876043746586,https://www.douyin.com/video/7578705876043746586,闪电新闻,“吸毒记录等将被封存”引热议，专家：封存不等于删除，幼师等岗位招聘可查询吸毒记录，不是为保护某些特定人群。#吸毒记录 #封存 #闪电主播说,9789,18378000,2025-11-30T18:09:36+00:00,2685,Mitigating,0.78125,Mitigating,high,2685,391,0.14591977291352046,0.14562383612662944,0
v054,douyin,7578469005264354213,https://www.douyin.com/video/7578469005264354213,纵览新闻,治安违法记录封存针对的是“尚不构成刑事处罚”的行政违法行为，走私、贩卖毒品构成犯罪，需纳入刑事犯罪记录管理，不适用封存规则。（央视新闻）,9959,24998000,2025-11-30T02:50:21+00:00,1487,Mitigating,0.5,Mitigating,high,1487,239,0.16081211723194513,0.16072629455279086,0
v055,douyin,7587349061108370714,https://www.douyin.com/video/7587349061108370714,湖南普法,关于“吸毒记录封存”，全国人大常委会法工委回应！#吸毒记录封存政策,27197,232000,2025-12-24T01:09:37+00:00,43,Mitigating,1.0,Mitigating,high,43,1,0.023849887864767074,0.023255813953488372,0
v056,douyin,7579062798198558006,https://www.douyin.com/video/7579062798198558006,爱济南新闻客户端,2026年1月起吸毒等记录可封存。专家解读：封存不是删除 涉毒行为分“违法”与“犯罪”（央视新闻）#缉毒 #缉毒警察 #扩散周知 #民生关注 #热门推荐,25051,1356000,2025-12-01T17:14:40+00:00,63,Mitigating,0.357143,Mitigating,high,63,5,0.08106923761552602,0.07936507936507936,0
v057,douyin,7587261598176185650,https://www.douyin.com/video/7587261598176185650,纵览新闻,关于“吸毒记录封存”等问题，全国人大常委会法工委回应！,15268,24998000,2025-12-23T19:30:12+00:00,9,Mitigating,1.0,Mitigating,high,9,0,9.005687590817818e-05,0.0,0
v058,douyin,7578500681372323072,https://www.douyin.com/video/7578500681372323072,新京报,央视解读“吸毒记录等将被封存” 治安违法记录封存不是“删除记录” 幼师、网约车司机等招聘可依法查询吸毒记录,4858,27385000,2025-11-30T04:53:32+00:00,1709,Informational,0.694444,Mitigating,high,1709,311,0.18259644101116804,0.18197776477472205,0
v059,douyin,7579501688886147173,https://www.douyin.com/video/7579501688886147173,杭州网,英雄以生命铸就的防线不能出现任何可能被侵蚀的缝隙！#禁毒,197182,8246000,2025-12-02T21:37:43+00:00,3838,Intensifying,0.818182,Intensifying,high,3838,472,0.12347219132211822,0.12298071912454403,0
v060,douyin,7587381903965523237,https://www.douyin.com/video/7587381903965523237,奔腾融媒,法工委最新回应：“吸毒记录封存” 是对现有信息管控措施的完善 惩治毒品犯罪的法律规定依然严厉#吸毒记录封存政策  #南通文旅 #最新回应,3544,2135000,2025-12-24T03:17:05+00:00,276,Mitigating,0.702703,Mitigating,high,276,24,0.08755287135436843,0.08695652173913043,0
v061,douyin,7579465223267800185,https://www.douyin.com/video/7579465223267800185,杭州新闻联播,“‘吸毒记录封存’之忧要被听见”，#浙江宣传 最新发文   #媒体精选计划  @抖音小助手,114091,84000,2025-12-02T19:16:11+00:00,617,Mitigating,0.458333,Informational,high,617,20,0.03279919806737814,0.03241491085899514,0
v062,douyin,7587267486983195946,https://www.douyin.com/video/7587267486983195946,极目新闻,关于“吸毒记录封存”等问题，全国人大常委会法工委回应：封存不是消除、删除记录，国家依法惩治和打击毒品犯罪的态度、措施和制度没有任何改变,39256,31354000,2025-12-23T19:53:02+00:00,16,Mitigating,0.6,Mitigating,high,16,0,0.0004282642767066136,0.0,0
v063,douyin,7578062034491706658,https://www.douyin.com/video/7578062034491706658,生活帮,11月29日（报道），新修订的《中华人民共和国治安管理处罚法》将于2026年1月1日起施行，其中提到，违反治安管理的记录应当予以封存。吸毒、嫖娼、偷窃和抢夺少量财物等行为，都属于违反治安管理。专家解读：封存不是“销毁”，特定情况下可查询。其目的在于让行为人在承担完法律责任后，避免终身背负污点。#缉毒 #缉毒警察,100012,13472000,2025-11-29T00:31:05+00:00,4796,Intensifying,0.529412,Mitigating,high,4796,918,0.19189996661417968,0.19140950792326938,0
v064,douyin,7578022723641740587,https://www.douyin.com/video/7578022723641740587,新浪新闻,2026年起“吸毒记录”可封存，专家回应：这不是保护特定群体，而是给人改过自新的机会 更多视频资讯关注@新浪新闻,59467,610000,2025-11-28T21:58:39+00:00,88,Informational,0.5,Mitigating,high,88,21,0.23850095215320008,0.23863636363636365,0
v065,douyin,7577969903836155170,https://www.douyin.com/video/7577969903836155170,1047交通广播,“哪位少爷吸了” 六个字涨粉400多万 南通文旅一夜成为文旅账号一哥 大家究竟在关心什么（汉新闻）#南通文旅,189735,31000,2025-11-28T18:33:35+00:00,1020,Informational,0.6,Informational,high,1020,88,0.08646877510358643,0.08627450980392157,0
v066,douyin,7578513340247428352,https://www.douyin.com/video/7578513340247428352,山西日报,“吸毒记录等将被封存”引热议！ 央视：封存不是删除，幼师等岗位招聘可查询吸毒记录！#法律 #治安违法 #禁毒,27109,776000,2025-11-30T05:42:45+00:00,4379,Mitigating,0.5,Mitigating,high,4379,683,0.15680424913139626,0.15597168303265585,0
v067,douyin,7578077031745817902,https://www.douyin.com/video/7578077031745817902,经视直播,2026年起吸毒等记录可封存引热议，律师解读：封存不意味着彻底清除， 特定情况下可查询,53944,9965000,2025-11-29T01:29:18+00:00,13,Informational,0.829787,Mitigating,high,13,1,0.10016239058537534,0.07692307692307693,0
v068,douyin,7579956844085714341,https://www.douyin.com/video/7579956844085714341,浙江之声,浙江宣传发文《“吸毒记录封存”之忧要被听见》，引发全国网友热烈讨论，浙江宣传回复：多少家庭因毒品破碎离散，多少青春因涉罪黯淡陨落......#禁毒 #浙江宣传 #致敬缉毒警察,222415,5606000,2025-12-04T03:03:56+00:00,2900,Intensifying,1.0,Intensifying,high,2900,452,0.15570525142574454,0.15586206896551724,0
v069,douyin,7579161971119896911,https://www.douyin.com/video/7579161971119896911,金龄社会,11月30日 据央视新闻，北京大学法学院研究员：吸毒行为是违法 不是犯罪，封存并不意味着要对吸毒行为进行法律上的轻纵。,791,39000,2025-12-01T23:39:24+00:00,634,Informational,0.630435,Mitigating,high,634,71,0.11348780104124999,0.11198738170347003,0
v070,douyin,7585550465547439400,https://www.douyin.com/video/7585550465547439400,纵览新闻,前戒毒所所长谈吸毒记录封存：应回应关切。,86750,24998000,2025-12-19T04:50:09+00:00,44,Informational,1.0,Mitigating,high,44,2,0.045749547295517085,0.045454545454545456,0
v071,douyin,7587746262842101030,https://www.douyin.com/video/7587746262842101030,宁夏广电新闻中心,关于“吸毒记录封存”！全国人大常委会法工委回应！#治安管理处罚法#禁毒,8046,662000,2025-12-25T02:50:54+00:00,145,Mitigating,1.0,Mitigating,high,145,8,0.05541964377906848,0.05517241379310345,0
v072,douyin,7579534167558425862,https://www.douyin.com/video/7579534167558425862,石榴云,浙江宣传发表评论文章：“吸毒记录封存”之忧要被听见 如果吸毒者的记录可以被封存，那些为禁毒付出血泪甚至生命的英雄，他们的牺牲是否被辜负？ #禁毒 #禁毒英雄 #珍爱生命 #底线不可退让 #警号,33772,959000,2025-12-02T23:43:49+00:00,2087,Informational,0.529412,Intensifying,high,2087,371,0.17766438118006914,0.17776712985146143,0
v073,douyin,7579537209439653172,https://www.douyin.com/video/7579537209439653172,凤凰WEEKLY,侠客岛：应当直面“吸毒记录被封存”的讨论。#媒体精选计划,94076,14076000,2025-12-02T23:55:36+00:00,1640,Informational,0.466667,Mitigating,high,1640,355,0.2161847565142502,0.21646341463414634,0
v074,douyin,7579524377901796648,https://www.douyin.com/video/7579524377901796648,风云传播,浙江宣传发文《“吸毒记录封存”之忧要被听见》：不能将公众的复杂情绪简单归结为“不懂法”“不理解法治进步”！#ZMG风云传播中心  （编辑：马丹晨）,202121,2674000,2025-12-02T23:05:46+00:00,1889,Intensifying,0.4,Mitigating,medium,1889,129,0.06878657387013894,0.06829010058231869,0
v075,douyin,7617319179239300499,https://www.douyin.com/video/7617319179239300499,律师老胡,涉毒案件从严从重 #禁毒 #禁毒宣传 #正能量 #爱国 #涉毒,4729,24000,2026-03-14T19:28:48+00:00,150,Mitigating,1.0,Intensifying,high,150,32,0.21320913485067042,0.21333333333333335,0
v076,douyin,7579429606181195060,https://www.douyin.com/video/7579429606181195060,观察者网,浙江宣传：“吸毒记录封存”之忧要被听见,210893,14643000,2025-12-02T16:58:11+00:00,6145,Informational,1.0,Informational,medium,6145,664,0.1082884857913067,0.1080553295362083,0
v077,douyin,7579559523568880922,https://www.douyin.com/video/7579559523568880922,佛山新闻,中国禁毒寸步不让！“吸毒记录将被封存” 引热议，新规不是 “开绿灯” 而是 “亮底线”。（出镜：袁梓峰；编辑：李键昕；实习编辑：刘欣昀；主编：唐欣瑜；责编：陈茗炜；素材来源：央视新闻、大众新闻、人民日报）#吸毒 #记录封存 #禁毒,45830,698000,2025-12-03T01:22:08+00:00,2172,Mitigating,0.844444,Mitigating,high,2172,495,0.22821098499263884,0.22790055248618785,0
v078,douyin,7579977052468596003,https://www.douyin.com/video/7579977052468596003,广西新闻频道,“吸毒记录封存”之忧要被听见 不能将公众的复杂情绪简单归结为“不懂法”“不理解法治进步”#新修订的《中华人民共和国治安管理处罚法》 #治安违法记录封存制度条款 #“吸毒记录封存 ”#禁毒 #权威部门,165548,2361000,2025-12-04T04:22:30+00:00,339,Informational,1.0,Informational,medium,339,16,0.04765879326692908,0.0471976401179941,0
v079,douyin,7579619748942482731,https://www.douyin.com/video/7579619748942482731,极目新闻,“吸毒记录封存”引热议，极目评：给迷途者回头的勇气 ，更要给普通人安心的底气,75631,31354000,2025-12-03T05:16:18+00:00,1361,Informational,0.707317,Mitigating,medium,1361,197,0.14553014910051762,0.14474650991917706,0
v080,douyin,7579593175782657314,https://www.douyin.com/video/7579593175782657314,河北经视,为什么一提“毒”，我们就如此警惕？“吸毒记录封存”之忧要被听见！ #经视主播说 #缉毒,106611,2504000,2025-12-03T03:32:54+00:00,365,Informational,0.64557,Intensifying,medium,365,27,0.07382701381796584,0.07397260273972603,0
v081,douyin,7580720974553170170,https://www.douyin.com/video/7580720974553170170,公关世界杂志社记者编辑部,违法记录封存引争论：细则尚未公布对于#零容忍 的#毒品 领域而言，任何放松都是放松了无数倍！法治进步既需要专业的构建，也需要#人心 的认同。#吸毒记录封存（来源：综合中国蓝新闻、南方周末）,87045,70000,2025-12-06T04:29:09+00:00,496,Mitigating,0.478723,Mitigating,medium,496,8,0.016310936572425258,0.016129032258064516,0
v082,douyin,7578499418211487027,https://www.douyin.com/video/7578499418211487027,爱济南新闻客户端,“吸毒记录等将被封存”？专家：封存不等于删除， 幼师等岗位招聘可查询吸毒记录 #扩散周知 #缉毒警察 #民生关注 #禁毒 #热门推荐,10516,1356000,2025-11-30T04:48:33+00:00,394,Intensifying,0.5,Mitigating,high,394,66,0.16996015372109846,0.16751269035532995,0
v083,douyin,7587269748979715378,https://www.douyin.com/video/7587269748979715378,澎湃新闻,#法工委回应“哪位少爷吸了”“吸毒记录封存”等问题 ，立法工作不受任何特殊利益群体、组织或者个人的不当影响，封存不是消除、删除记录，禁毒工作没有任何松懈,20004,43011000,2025-12-23T20:01:49+00:00,615,Mitigating,1.0,Mitigating,high,615,16,0.026573559158909698,0.026016260162601626,0
v084,douyin,7599469751169842356,https://www.douyin.com/video/7599469751169842356,墨者,这就是为什么毒贩的后代不能出道的原因！我们不能让英雄的后代被寒了心！#致敬英雄#缉毒#禁毒#缉毒警察,4543,23000,2026-01-25T17:04:01+00:00,200,Intensifying,0.741935,Intensifying,high,200,7,0.03511830764795377,0.035,0
v085,douyin,7579476792735770533,https://www.douyin.com/video/7579476792735770533,第一财经,“吸毒记录封存”之忧要被听见，浙江宣传：英雄以生命铸就的防线不能出现任何可能被侵蚀的缝隙，公众并非不支持违法者改过自新，但一触及“毒”，神经便骤然绷紧,157006,11532000,2025-12-02T20:01:10+00:00,50,Intensifying,0.5,Informational,high,50,10,0.20036875915786367,0.2,0
v086,douyin,7579975506927597915,https://www.douyin.com/video/7579975506927597915,第一财经,"在""吸毒记录等将被封存""议题下，恶意揣测、不当关联、攻击政策，微博将相关账号禁言",5494,11532000,2025-12-04T04:16:20+00:00,569,Intensifying,0.5,Mitigating,high,569,82,0.14512659930415123,0.14411247803163443,0
v087,douyin,7579545637731091429,https://www.douyin.com/video/7579545637731091429,大众新闻-大众日报,“吸毒记录封存”条款正经历一场强烈的观念温差。专业解释过于侧重法理逻辑，将公众的复杂情绪简单归结为“不懂法”，“法言法语”与“公众体感”之间便出现沟壑。#禁毒 #缉毒 #法律 #公众 #人民群众,477493,2146000,2025-12-03T00:28:17+00:00,18,Informational,0.701754,Intensifying,medium,18,0,0.00031321479723879346,0.0,0
v088,douyin,7578175107068163761,https://www.douyin.com/video/7578175107068163761,最安吉,"""吸毒记录等将被封存""引热议！专家：并非对特定群体保护,是可以改过自新的政策#缉毒警察 #人民英雄",10620,416000,2025-11-29T07:49:51+00:00,560,Informational,0.818182,Mitigating,high,560,107,0.1916884203648806,0.19107142857142856,0
v089,douyin,7579560190958112038,https://www.douyin.com/video/7579560190958112038,爱济南新闻客户端,“哪位少爷吸了”，撕开新规争议 对毒品“零容忍”是对缉毒英雄们最好的致敬#缉毒  #缉毒警察 #扩散周知 #民生关注 #热门推荐,63812,1356000,2025-12-03T01:24:41+00:00,1584,Intensifying,0.4,Intensifying,high,1584,242,0.1531908567722444,0.1527777777777778,0
v090,douyin,7579548877762799217,https://www.douyin.com/video/7579548877762799217,杭州网,浙江宣传发文：“吸毒记录封存”之忧要被听见！英雄以生命铸就的防线，不能出现任何可能被侵蚀的缝隙,130693,8246000,2025-12-03T00:40:48+00:00,343,Informational,0.574074,Intensifying,high,343,58,0.16899024676447338,0.16909620991253643,0
v091,douyin,7587263805807332635,https://www.douyin.com/video/7587263805807332635,中国蓝新闻,“吸毒记录封存” 、治安处罚记录封存等问题，全国人大常委会法工委有关负责人作出说明和回应：按照我国法律制度，吸毒行为不属于犯罪行为，属于应予治安管理处罚的治安违法行为，封存不是消除、删除记录，但不得随意查询、提供或者披露，任何组织或者个人，都不得有超越宪法和法律的特权,12468,6630000,2025-12-23T19:38:54+00:00,3,Mitigating,1.0,Mitigating,high,3,0,0.00042257117820554413,0.0,0
v092,douyin,7579469023650385171,https://www.douyin.com/video/7579469023650385171,爱济南新闻客户端,浙江宣传发文：“吸毒记录封存”之忧要被听见 #禁毒 #扩散周知 #缉毒警察#热点话题#热门推荐,68575,1356000,2025-12-02T19:30:59+00:00,1393,Informational,0.578947,Intensifying,medium,1393,220,0.15785626136821598,0.15793251974156497,0
v093,douyin,7578564500345949492,https://www.douyin.com/video/7578564500345949492,红星新闻,央视解读治安违法记录封存 不是“删除”记录  不是“前科”消除 针对吸毒人员动态管控不会改变,4370,38237000,2025-11-30T09:01:16+00:00,28,Mitigating,0.755102,Mitigating,high,28,1,0.03686693385472089,0.03571428571428571,0
v094,douyin,7579817061061315903,https://www.douyin.com/video/7579817061061315903,七彩云端,吸毒记录能封存？新修订的《中华人民共和国治安管理处罚法》一出，评论区炸了！有人愤而质问：“这是要给涉毒人员发‘复活甲’吗？”“那些牺牲的缉毒英雄，谁来告慰？”#吸毒记录能封,29772,169000,2025-12-03T18:01:36+00:00,441,Informational,0.796117,Mitigating,medium,441,69,0.15739924460492752,0.1564625850340136,0
v095,douyin,7579546159136378121,https://www.douyin.com/video/7579546159136378121,钱江晚报,浙江宣传发文：“吸毒记录封存”之忧要被听见，英雄以生命铸就的防线不能出现任何可能被侵蚀的缝隙,70956,2496000,2025-12-03T00:30:13+00:00,3346,Mitigating,0.544715,Intensifying,high,3346,188,0.05659452691377784,0.056186491332934844,0
v096,douyin,7587298777964383525,https://www.douyin.com/video/7587298777964383525,潮新闻,关于“吸毒记录封存”“哪位少爷吸了”等，法工委最新回应：中华人民共和国公民在法律面前一律平等！立法不受任何特殊利益群体不当影响！,14208,25820000,2025-12-23T21:54:53+00:00,639,Mitigating,0.571429,Mitigating,high,639,23,0.036292285749499546,0.03599374021909233,0
v097,douyin,7587319061818707251,https://www.douyin.com/video/7587319061818707251,珠江新闻,全国人大法工委回应新修订《治安管理处罚法》第136条涉吸毒记录封存疑虑。#官方正式回应吸毒记录封存,9330,10289000,2025-12-23T23:13:09+00:00,499,Mitigating,1.0,Mitigating,high,499,41,0.08282474599466647,0.08216432865731463,0
v098,douyin,7578815479477718307,https://www.douyin.com/video/7578815479477718307,中国财富网,2026年起“吸毒记录”可被封存引发热议，专家回应,18143,1636000,2025-12-01T01:14:54+00:00,31,Intensifying,0.5,Mitigating,high,31,2,0.0655557065535592,0.06451612903225806,0
v099,douyin,7578038230982795903,https://www.douyin.com/video/7578038230982795903,奔腾融媒,2026新规明确：吸毒记录可封存 但考公、考编例外 律师解读：此记录一经发现 政审必不通过 #热点 #最新消息 #新闻,31943,2135000,2025-11-28T22:58:43+00:00,82,Mitigating,1.0,Mitigating,high,82,15,0.18275522184584833,0.18292682926829268,0
v100,douyin,7587330129551035685,https://www.douyin.com/video/7587330129551035685,浙江之声,全国人大常委会法工委回应吸毒记录封存等问题，国家依法惩治和打击毒品犯罪的态度、措施和制度没有任何改变，禁毒工作没有任何松懈。我国是世界上对毒品犯罪惩治最严厉的国家之一。#禁毒#缉毒,44919,5606000,2025-12-23T23:56:22+00:00,68,Mitigating,1.0,Mitigating,high,68,0,0.0003366268917007427,0.0,0
v101,douyin,7587275932021509402,https://www.douyin.com/video/7587275932021509402,今视频长天新闻,官方权威回应“吸毒记录封存”争议， 回应关于“哪位少爷吸了”等问题， 强调公民在法律面前一律平等，就戒毒人员、吸毒人员信息管控而言，实行封存措施之前和之后并没有实质性变化。#主播说新闻,4576,11421000,2025-12-23T20:25:49+00:00,930,Mitigating,0.5,Mitigating,high,930,79,0.08565479105964187,0.08494623655913978,0
v102,douyin,7578005103911783695,https://www.douyin.com/video/7578005103911783695,红星新闻,2026年起吸毒记录可封存  专家：保密不是无罪！ 缉毒警察冲锋让社会免受毒害 封存是为倡导轻微违法者改过自新,68051,38237000,2025-11-28T20:50:16+00:00,5,Mitigating,0.839286,Mitigating,high,5,0,0.0028177517117001115,0.0,0
v103,douyin,7587300616636992803,https://www.douyin.com/video/7587300616636992803,四川观察,修订后的治安管理处罚法将于2026年1月1日起施行。近期，一些网络媒体、网友等对治安管理处罚法第136条规定比较关注，提出了一些疑问。就此，全国人大常委会法工委有关负责人作出了说明和回应。全国人大常委会法工委回应“哪位少爷吸了？”等言论。,60859,50479000,2025-12-23T22:01:34+00:00,46,Mitigating,0.486486,Mitigating,high,46,1,0.02196983298231119,0.021739130434782608,0
v104,douyin,7588579304695401747,https://www.douyin.com/video/7588579304695401747,肖律梵语,不论多大道理，毒品都要一禁到底！#禁毒宣传 #公益普法 #轻罪封存制度 #吸毒记录封存政策 #老百姓关心的话题,68395,13000,2025-12-27T20:40:00+00:00,3916,Mitigating,1.0,Intensifying,high,3916,676,0.17237913647277106,0.17262512768130744,0
v105,douyin,7580345226112355618,https://www.douyin.com/video/7580345226112355618,老梁不郁闷,聊聊中国禁毒治理：除了打击还有什么？最主要的反而很少人提 近日关于涉毒人员管理问题引发讨论，很多人关注集中在刑事和治安处罚上，但其实我国禁毒工作虽然打击力度非常大，却并不是以打击为主的。对于吸毒人群如何处理呢？这里介绍一下我国的整体禁毒法律框架供参考。#抖音精选 #法律 #禁毒 #社区戒毒 #强制隔离戒毒,256561,471000,2025-12-05T04:11:10+00:00,1952,Mitigating,0.479133,Mitigating,high,1952,212,0.10888521023765801,0.10860655737704918,0
v106,douyin,7580343135276895488,https://www.douyin.com/video/7580343135276895488,佛山新闻,中国禁毒！寸步不让！“吸毒记录封存”之忧要被听见，权威部门要更透明回应公众疑虑！（主播：蔡佩；编辑：罗啟浩、唐欣瑜；责编：王慧君；素材来源：佛山市新闻传媒中心、浙江宣传）#吸毒记录封存犯罪记录不会封存  #禁毒 #中国禁毒,56665,698000,2025-12-05T04:03:04+00:00,531,Informational,0.4,Intensifying,medium,531,36,0.0672999383786073,0.06779661016949153,0
v107,douyin,7579444895996235014,https://www.douyin.com/video/7579444895996235014,国+社区,浙江宣传：“吸毒记录封存”之忧要被听见。,120591,20792000,2025-12-02T17:57:27+00:00,2456,Mitigating,0.571429,Informational,high,2456,106,0.04338347237420251,0.04315960912052117,0
v108,douyin,7579508806774738214,https://www.douyin.com/video/7579508806774738214,公关世界杂志社记者编辑部,全国人大代表朱征夫辟谣“儿子吸毒”是假的！没有叫“朱卓佳”或“朱卓拉”的儿子，对恶意诋毁等行为已报案！#辟谣 #朱征夫,50620,70000,2025-12-02T22:05:18+00:00,3120,Informational,0.625,Informational,medium,3120,218,0.06996399888921936,0.06987179487179487,0
v109,douyin,7587283916068965641,https://www.douyin.com/video/7587283916068965641,云南法治报,关于“吸毒记录封存”等问题，全国人大常委会法工委回应！,1892,149000,2025-12-23T20:56:59+00:00,77,Mitigating,1.0,Mitigating,high,77,3,0.039118794257266526,0.03896103896103896,0
v110,douyin,7579808863039187560,https://www.douyin.com/video/7579808863039187560,句容发布,“吸毒记录封存”之忧要被听见@浙江宣传,6224,97000,2025-12-03T17:29:43+00:00,128,Intensifying,0.727273,Informational,high,128,2,0.016067071174859393,0.015625,0
v111,douyin,7579450966211104040,https://www.douyin.com/video/7579450966211104040,越城融媒,浙江宣传：“吸毒记录封存”之忧要被听见#吸毒 #记录封存 #封存,16272,405000,2025-12-02T18:20:54+00:00,295,Intensifying,0.5,Informational,medium,295,58,0.19683754696345235,0.19661016949152543,0
v112,douyin,7578486216267167333,https://www.douyin.com/video/7578486216267167333,纵览新闻,11月30日，据央视新闻，“吸毒记录等将被封存”引热议，专家：封存不等于“风险隐身”，幼师等岗位招聘可查询吸毒记录。,1420,24998000,2025-11-30T03:57:07+00:00,576,Mitigating,0.73913,Mitigating,high,576,110,0.1926003077531517,0.1909722222222222,0
v113,douyin,7579872559785692456,https://www.douyin.com/video/7579872559785692456,西安广播电视台,#侠客岛 ：应当直面“吸毒记录被封存”的讨论#禁毒 #你好我的城,38004,1788000,2025-12-03T21:36:59+00:00,513,Informational,0.470588,Mitigating,high,513,28,0.05498903129292871,0.05458089668615984,0
v114,douyin,7579609584558509318,https://www.douyin.com/video/7579609584558509318,美丽湖州,浙江宣传发文：“吸毒记录封存”之忧要被听见（制作：小文）,21020,864000,2025-12-03T04:36:44+00:00,141,Intensifying,0.818182,Intensifying,medium,141,3,0.02173420805003637,0.02127659574468085,0
v115,douyin,7587256736927534386,https://www.douyin.com/video/7587256736927534386,中国新闻网,法工委回应吸毒记录封存相关问题 #吸毒记录封存,7745,39725000,2025-12-23T19:11:19+00:00,17,Mitigating,1.0,Mitigating,high,17,0,0.0002869558276656522,0.0,0
v116,douyin,7579816534492857265,https://www.douyin.com/video/7579816534492857265,浙江之声,人民日报社侠客岛：应当直面“吸毒记录被封存”的讨论#禁毒是人民战争#缉毒#禁毒,128333,5606000,2025-12-03T17:59:35+00:00,1319,Informational,0.428571,Mitigating,high,1319,71,0.05344017617363541,0.053828658074298714,0
v117,douyin,7578843395608564070,https://www.douyin.com/video/7578843395608564070,小e新闻,吸毒记录将被封存，为人开绿灯？ 央视：“封存”≠“删除” 幼师等关键岗位仍可查#违法记录封存不等于纵容违法,1874,5467000,2025-12-01T03:03:13+00:00,17,Mitigating,0.650485,Mitigating,high,17,2,0.1221508911347722,0.11764705882352941,0
v118,douyin,7579549617869175951,https://www.douyin.com/video/7579549617869175951,宜春发布,“封存”争议背后法治社会的成熟 在于不回避每一次讨论#禁毒,25458,605000,2025-12-03T03:00:00+00:00,432,Mitigating,0.827586,Mitigating,high,432,54,0.12513963399108738,0.125,0
v119,douyin,7579914726889590054,https://www.douyin.com/video/7579914726889590054,诸暨西施眼,浙江宣传发文： “吸毒记录封存”之忧要被听见#禁毒 #禁毒宣传,26031,419000,2025-12-04T03:20:00+00:00,592,Intensifying,0.892857,Informational,high,592,24,0.04118819666597562,0.04054054054054054,0
v120,douyin,7579531943029509439,https://www.douyin.com/video/7579531943029509439,滨江发布,浙江宣传发文：“吸毒记录封存”之忧要被听见。#禁毒 #浙江宣传,28552,808000,2025-12-02T23:35:10+00:00,317,Intensifying,0.6,Informational,medium,317,84,0.2644493161375176,0.26498422712933756,0
v121,douyin,7578064024315727154,https://www.douyin.com/video/7578064024315727154,爱看头条,“吸毒记录等将被封存”引热议，南通文旅一夜涨粉400万 #热点 #南通文旅 #治安管理处罚法,21461,462000,2025-11-29T00:38:49+00:00,70,Informational,0.56,Mitigating,high,70,2,0.02890298902514457,0.02857142857142857,0
v122,douyin,7618792347345718528,https://www.douyin.com/video/7618792347345718528,动物探险家,中国大妈带着80公斤毒品勇闯美利坚，警员拦截后直接乐开花！#美警执法 #真实事件,1881,286000,2026-03-18T19:01:26+00:00,387,Intensifying,0.730415,Intensifying,high,387,18,0.04755733808922116,0.046511627906976744,0
v123,douyin,7580221043425367985,https://www.douyin.com/video/7580221043425367985,热度新闻,官方针对“吸毒记录封存”议题下部分用户发布违规言论展开处置，对恶意揣测、不当关联历史事件、攻击禁毒政策等违规账号实施禁言。#禁毒 #禁毒宣传 #缉毒警察,4574,3078000,2025-12-04T20:09:10+00:00,36,Intensifying,0.444444,Mitigating,high,36,1,0.02800524993613686,0.027777777777777776,0
v124,douyin,7578705526389824463,https://www.douyin.com/video/7578705526389824463,枣庄日报,央视解读“吸毒记录等将被封存”……针对吸毒人员动态管理不会改变 #禁毒 #禁毒宣传 #禁毒你我同行 #解读,1324,885000,2025-11-30T18:08:11+00:00,33,Mitigating,1.0,Mitigating,high,33,7,0.21191939773703009,0.21212121212121213,0
v125,douyin,7587266374125292850,https://www.douyin.com/video/7587266374125292850,看看新闻Knews,#官方回应哪位少爷吸了 #法工委回应吸毒记录封存相关问题 #对戒毒吸毒人员信息一直实行管控,9363,45004000,2025-12-23T19:48:43+00:00,36,Mitigating,0.714286,Mitigating,high,36,0,0.00021687108508356486,0.0,0
v126,douyin,7579463299255913755,https://www.douyin.com/video/7579463299255913755,珠江新闻,浙江宣传评“吸毒记录封存”制度 强调要消除公众的担忧情绪,20534,10289000,2025-12-02T19:08:46+00:00,429,Informational,0.8,Mitigating,high,429,68,0.1601404360505718,0.1585081585081585,0
v127,douyin,7580200732528233762,https://www.douyin.com/video/7580200732528233762,羊城晚报•羊城派,吸毒≠戒毒！吸毒记录该不该封存？郑子殷律师：中国对毒品零容忍，没有买卖就没有伤害，要保护更大的人群。 #禁毒  #坚决打赢新时代禁毒人民战争  （[原创]记者：张璐瑶；编辑；潘俊华；审签：李婕舒）,20236,12601000,2025-12-04T18:50:23+00:00,49,Intensifying,0.837838,Intensifying,high,49,2,0.04096773348223627,0.04081632653061224,0
v128,douyin,7579976826777341225,https://www.douyin.com/video/7579976826777341225,930老友记,封存吸毒记录议题多个账号被处置,5138,1914000,2025-12-04T04:21:47+00:00,287,Informational,0.777778,Intensifying,medium,287,61,0.21323107921324494,0.21254355400696864,0
v129,douyin,7580639013988755362,https://www.douyin.com/video/7580639013988755362,评论员王攀,#中国是如何持续严格管理吸毒者 吸毒可不只是仅仅治安处罚这么简单，我们有一套完善的严密的严格的动态管理机制，对于吸毒者会持续管理数年！#攀谈天下 #抖音热评,48855,1688000,2025-12-05T23:11:05+00:00,886,Informational,0.753036,Mitigating,high,886,134,0.1509961171940309,0.15124153498871332,0
v130,douyin,7579520572665728298,https://www.douyin.com/video/7579520572665728298,搜狐新闻客户端,公众的不解乃至抵触情绪，核心是对英烈牺牲的珍视与捍卫 #禁毒 #英烈 #热点新闻事件,65729,553000,2025-12-02T22:51:03+00:00,91,Informational,0.44186,Intensifying,medium,91,25,0.27440112909891545,0.27472527472527475,0
v131,douyin,7587259564672732450,https://www.douyin.com/video/7587259564672732450,新京报,关于“吸毒记录封存” 全国人大常委会法工委最新回应,2779,27385000,2025-12-23T19:22:28+00:00,24,Mitigating,1.0,Informational,high,24,0,0.00015377985073428135,0.0,0
v132,douyin,7579473691328346277,https://www.douyin.com/video/7579473691328346277,纵览新闻,“吸毒记录封存”之忧要被听见。（浙江宣传）,251191,24998000,2025-12-02T19:49:06+00:00,202,Informational,0.604651,Informational,high,202,32,0.1587761221007625,0.15841584158415842,0
v133,douyin,7581052564934888744,https://www.douyin.com/video/7581052564934888744,一切皆法,长篇谈话｜中国禁毒工作是全世界做得最好的 视频播客·EP07 #抖来普法2025,141744,1867000,2025-12-07T02:23:30+00:00,459,Informational,0.908234,Mitigating,high,459,94,0.20562585668063182,0.2047930283224401,0
v134,douyin,7587273722176851250,https://www.douyin.com/video/7587273722176851250,环球网,关于“吸毒记录封存”和“哪位少爷吸了”等问题，全国人大常委会法工委回应！,4097,47154000,2025-12-23T20:17:14+00:00,5,Mitigating,0.909091,Mitigating,high,5,0,6.853824306745082e-05,0.0,0
v135,douyin,7587282815901797667,https://www.douyin.com/video/7587282815901797667,荔枝新闻,明年起吸毒人员至少半年不得进娱乐场所。律师：记录封存仅针对外界处罚机关是可见的。  2026年1月1日起，新修订的《中华人民共和国治安管理处罚法》将正式施行，其中第八十四条新增内容：吸食、注射毒品的，可以同时责令其六个月至一年以内不得进入娱乐场所、不得擅自接触涉及毒品违法犯罪人员。对此，北京大成(南京)律师事务所晋虤向荔枝新闻介绍，只要违反禁令，无论该吸毒人员进入娱乐场所是为了什么，都可以对其进行拘留。对于网友关注“吸毒记录被封存不得公开”的问题，晋虤表示，封存只是针对外界，不是消除、删除记录，有关违法信息仍然记录在案。,1150,7147000,2025-12-23T20:52:47+00:00,328,Informational,0.846154,Mitigating,high,328,32,0.09825476122795208,0.0975609756097561,0
v136,douyin,7578790504893107498,https://www.douyin.com/video/7578790504893107498,津云,朱征夫回应“儿子吸毒”传言 “假的 家人从未涉毒 已报警” 此前全国人大代表朱征夫多次呼吁建立轻罪前科记录封存制度 有网民质疑是为家人考虑#朱征夫 #社会百态,80316,5624000,2025-11-30T23:37:59+00:00,8,Mitigating,0.571429,Intensifying,medium,8,1,0.12513713954194827,0.125,0
v137,douyin,7587264242353474854,https://www.douyin.com/video/7587264242353474854,环球时报,全国人大常委会法工委就“吸毒记录封存”作出回应：封存不是消除纪录，有关违法信息仍然记录在案（编辑：阿联）,5406,28319000,2025-12-23T19:40:25+00:00,12,Mitigating,1.0,Mitigating,high,12,0,0.0001170726542720028,0.0,0
v138,douyin,7587287193845108018,https://www.douyin.com/video/7587287193845108018,海南广播电视总台,吸毒行为属于违法行为，不属于犯罪行为 .....关于“吸毒记录封存”等问题，全国人大常委会法工委回应！#吸毒记录封存政策 #法律咨询 @抖音小助手,23129,5146000,2025-12-23T21:09:29+00:00,37,Mitigating,0.777778,Mitigating,high,37,0,0.00029438956089261164,0.0,0
v139,douyin,7579980977598975266,https://www.douyin.com/video/7579980977598975266,南昌晚报,12月4日（报道时间），微博宣布多账号被禁言：恶意揣测国家法律法规是为部分人“量身定制”、不当关联“虎门销烟”等历史事件、借新规攻击禁毒政策。（来源：九派新闻）,4063,4243000,2025-12-04T04:37:48+00:00,713,Mitigating,1.0,Mitigating,high,713,159,0.22295107980716689,0.22300140252454417,0
v140,douyin,7587268297561738536,https://www.douyin.com/video/7587268297561738536,湖北日报,"关于""吸毒记录封存""等问题，全国人大常委会法工委最新回应。（剪辑：乐希）",702,50174000,2025-12-23T19:56:11+00:00,24,Mitigating,1.0,Mitigating,high,24,1,0.04191593537507288,0.041666666666666664,0
v141,douyin,7579883328019385634,https://www.douyin.com/video/7579883328019385634,陕视新闻,侠客岛发表评论，应当直面“吸毒记录被封存”的讨论，新规肯定不是为了“开口子”，但可以考虑用更精细化的管理规定、文件解释等方式，打消对于是否“开口子”的疑虑。,62561,10126000,2025-12-03T22:18:39+00:00,6,Informational,0.556522,Mitigating,high,6,0,0.00017019880397128873,0.0,0
v142,douyin,7579108728164369765,https://www.douyin.com/video/7579108728164369765,红星新闻,全国人大代表朱征夫辟谣 “儿子吸毒”是假的！ 没有叫“朱卓佳”或“朱卓拉”的儿子 对恶意诋毁等行为已报案#抖音媒体辟谣团,268085,38237000,2025-12-01T20:12:50+00:00,7,Informational,0.571429,Mitigating,high,7,0,0.0002708750117952669,0.0,0
v143,douyin,7587296764525284623,https://www.douyin.com/video/7587296764525284623,河北经视,官方回应“吸毒记录封存”“哪位少爷吸了”等相关问题。#禁毒,8809,2504000,2025-12-23T21:46:39+00:00,39,Mitigating,0.8,Mitigating,high,39,0,0.00023954372553793617,0.0,0
v144,douyin,7579183402425137593,https://www.douyin.com/video/7579183402425137593,三衢,人大代表儿子吸毒，所以呼吁前科封存?朱征夫：恶意诋毁，已报案。@DOU+小助手 @抖音小助手 #社会热点 #社会新闻,8000,1040000,2025-12-02T01:02:36+00:00,26,Intensifying,0.4,Informational,high,26,1,0.03950479721410934,0.038461538461538464,0
v145,douyin,7579834158109789450,https://www.douyin.com/video/7579834158109789450,掌上春城,“浙江宣传 ”发表评论文章，“吸毒记录封存 ”之忧要被听见，英雄以生命铸就的防线，不能出现任何可能被侵蚀的缝隙#禁毒宣传 #缉毒警察 #云南 #热点新闻事件 #时评,30587,844000,2025-12-03T19:07:51+00:00,500,Intensifying,0.941176,Intensifying,high,500,108,0.2157941453565436,0.216,0
v146,douyin,7578875793535732992,https://www.douyin.com/video/7578875793535732992,闪电新闻,12月1日，朱征夫回应“儿子吸毒”传言：假的，已报警，家人也从未涉毒，更没有受过刑事处罚。#不传谣不信谣 #朱征夫,61147,18378000,2025-12-01T05:09:06+00:00,27,Informational,0.943396,Informational,high,27,1,0.037740852596471086,0.037037037037037035,0
v147,douyin,7579828365931138323,https://www.douyin.com/video/7579828365931138323,四川日报,“浙江宣传”发文《“吸毒记录封存”之忧要被听见》：不能将公众的复杂情绪简单归结为 “不懂法”“不理解法治进步”,38242,11728000,2025-12-03T18:45:30+00:00,4,Informational,0.677419,Informational,medium,4,0,0.00014568957158189733,0.0,0
v148,douyin,7579540779975188721,https://www.douyin.com/video/7579540779975188721,乌兰察布云,12月3日，“浙江宣传”发表评论文章：“吸毒记录封存”之忧要被听见#新修订的《中华人民共和国治安管理处罚法》#普法,51941,662000,2025-12-03T00:09:24+00:00,783,Informational,0.6,Mitigating,high,783,35,0.04565782292402486,0.04469987228607918,0
v149,douyin,7577798653370120674,https://www.douyin.com/video/7577798653370120674,观青海,青海警校毕业生“陈铭生”，他的背后是千千万万个缉毒警察无私奉献的一生！致敬缉毒警察，一起向毒品说不！（编辑：郭瑞） #青海 #缉毒 #文旅 #陈铭生 #2026年起吸毒记录可封存,41238,103000,2025-11-28T07:29:04+00:00,372,Intensifying,0.644444,Intensifying,high,372,87,0.23352213599324015,0.23387096774193547,0
v150,douyin,7579528638572496041,https://www.douyin.com/video/7579528638572496041,非常文山,“吸毒记录封存”之忧要被听见 #禁毒 #云南文山#致敬英雄 #致敬缉毒警察,6843,1944000,2025-12-02T23:22:17+00:00,228,Intensifying,0.5,Intensifying,medium,228,58,0.25486359823075316,0.2543859649122807,0
v151,douyin,7580956091774059377,https://www.douyin.com/video/7580956091774059377,我是朱霞,吸毒档案封存，社区警局联合管理机制，未来还能继续吗？ #朱霞 #霞客来了 #戒毒,4382,2006000,2025-12-06T19:41:30+00:00,83,Informational,0.581281,Mitigating,high,83,5,0.055550461236174645,0.060240963855421686,0
v152,douyin,7579815267585248558,https://www.douyin.com/video/7579815267585248558,利州融媒,侠客岛： 应当直面“吸毒记录被封存”的讨论。#媒体精选计划,34858,1181000,2025-12-03T17:54:34+00:00,2673,Intensifying,0.75,Mitigating,high,2673,627,0.23405930988128532,0.2345679012345679,0
v153,douyin,7587262918694161690,https://www.douyin.com/video/7587262918694161690,工人日报,关于“吸毒记录封存”“哪位少爷吸了”等问题，权威回应来了#工人日报消息,6044,2125000,2025-12-23T19:35:18+00:00,8,Mitigating,1.0,Mitigating,high,8,0,0.00018353573705098825,0.0,0
v154,douyin,7578092457414364459,https://www.douyin.com/video/7578092457414364459,云浮融媒,致敬云浮禁毒英雄严婷，牺牲时年仅22岁#云浮 #禁毒 #缉毒警察 #珍爱生命 吸毒记录封存,10792,120000,2025-11-29T02:29:15+00:00,266,Intensifying,1.0,Informational,high,266,14,0.05264714120594158,0.05263157894736842,0
v155,douyin,7587347156332334376,https://www.douyin.com/video/7587347156332334376,微吉州,全国人大常委会法制工作委员会回应“哪位少爷吸了”“吸毒记录封存”等问题： 任何组织和个人都不得享有超越法律的特权，吸毒属于治安违法行为；封存不是消除、删除记录,1868,449000,2025-12-24T01:02:15+00:00,101,Informational,0.548387,Mitigating,high,101,1,0.010116438055072396,0.009900990099009901,0
v156,douyin,7587292931518680361,https://www.douyin.com/video/7587292931518680361,观察者网,关于“哪位少爷吸了”“吸毒记录封存”等网民关切的问题，全国人大常委会法工委有关负责人作出说明和回应,2544,14643000,2025-12-23T21:31:48+00:00,120,Mitigating,0.625,Mitigating,high,120,1,0.008988890872327222,0.008333333333333333,0
v157,douyin,7587273314754678062,https://www.douyin.com/video/7587273314754678062,蓬勃新闻,全国人大常委会法工委回应关于“吸毒记录封存”等问题：一、关于治安管理处罚法修订草案审议和第136条规定形成的有关情况 #全国人大常委会法工委 #吸毒记录封存政策  #治安管理处罚法,1006,5406000,2025-12-23T20:15:43+00:00,12,Mitigating,1.0,Informational,high,12,1,0.08333376136761217,0.08333333333333333,0
v158,douyin,7580259680980268667,https://www.douyin.com/video/7580259680980268667,西安广播电视台,恶意揣测国家法律法规，多个账号被禁言 #禁毒 #禁毒宣传 #恶意揣测 #你好我的城,8142,1788000,2025-12-04T22:39:09+00:00,4,Informational,1.0,Mitigating,high,4,0,0.0001254751823580591,0.0,0
v159,douyin,7587738339063745833,https://www.douyin.com/video/7587738339063745833,一切皆法,深度解读｜关于毒品问题，立法最源头的系统回应 #法圈 #抖来普法2025,20867,1867000,2025-12-25T02:20:12+00:00,663,Mitigating,0.619247,Mitigating,high,663,87,0.13086425203665916,0.13122171945701358,0
v160,douyin,7582615691082599723,https://www.douyin.com/video/7582615691082599723,大风新闻,罗翔谈吸毒是否入刑，法律宽容的是病患，不是瘾君子#记录封存  #治安管理处罚法 #禁毒 #云南禁毒 #刑法,13497,3525000,2025-12-11T07:01:59+00:00,67,Informational,0.909091,Mitigating,high,67,4,0.0592268545610818,0.05970149253731343,0
v161,douyin,7587257065073069327,https://www.douyin.com/video/7587257065073069327,新京报,官方回应关于“哪位少爷吸了”言论,280398,27385000,2025-12-23T19:12:50+00:00,17,Mitigating,1.0,Mitigating,high,17,0,0.0002485401350628201,0.0,0
v162,douyin,7580610188898503974,https://www.douyin.com/video/7580610188898503974,黄智贤工作室,掌掴警察被以袭警罪刑事拘留！法学教授表示太严重不理解 #硬核深度计划 #台湾人看大陆 #法治,41605,10163000,2025-12-05T21:19:17+00:00,1683,Informational,0.997222,Intensifying,high,1683,158,0.09540989343608267,0.09387997623291741,0
v163,douyin,7587371701533543726,https://www.douyin.com/video/7587371701533543726,河北经视,禁毒之战：既要坚决堵截的“零容忍” 也要“不抛弃、不放弃”的温度 #经视主播说 #禁毒,35201,2504000,2025-12-24T02:37:39+00:00,4050,Mitigating,0.745902,Mitigating,high,4050,656,0.16266036035199014,0.16197530864197532,0
v164,douyin,7580224396892798022,https://www.douyin.com/video/7580224396892798022,章律安康,中国是如何成为“全球毒品管理最严格的国家”的 #知识科普 #法律 #禁毒,8455,162000,2025-12-04T20:22:11+00:00,386,Informational,0.579387,Mitigating,high,386,110,0.28428662754505746,0.2849740932642487,0
v165,douyin,7587342335797857573,https://www.douyin.com/video/7587342335797857573,第一财经,官方回应“哪位少爷吸了”！立法工作不受任何特殊利益者的不当影响，我国严打毒品犯罪的态度、措施和制度，！没有任何改变，禁毒工作没有任何松懈,626,11532000,2025-12-24T00:43:36+00:00,57,Mitigating,0.818182,Mitigating,high,57,4,0.07017821639920728,0.07017543859649122,0
v166,douyin,7578807973615619355,https://www.douyin.com/video/7578807973615619355,汉新闻,12月1日，朱征夫辟谣“儿子吸毒”传言：假的，已报警 #武汉大学 #禁毒,1369,3660000,2025-12-01T00:45:47+00:00,11,Mitigating,0.5,Informational,high,11,0,0.0004162484447905709,0.0,0
v167,douyin,7581800786418535722,https://www.douyin.com/video/7581800786418535722,鹿哥Gustav,年终热点议｜之中国毒品检测有多变态，吸了根本跑不掉 #知识前沿派对   #抖音知识年终大赏   @抖音科普 #科普  #毒品,22057,1509000,2025-12-09T02:19:22+00:00,503,Informational,0.827419,Mitigating,high,503,47,0.09382137192576406,0.09343936381709742,0
v168,douyin,7580026817457704242,https://www.douyin.com/video/7580026817457704242,林律来了,禁毒到底有多严？很多人真的不知道 大部分人这辈子见过毒品的次数，大概是 0，这是因为我们生活在一个安全的环境里，但这个“安全感”不是天上掉下来的，本期视频，咱们聊聊安全背后，这套看不见但一直在运转的禁毒体系。#抖来普法2025 #理性深度计划,89362,111000,2025-12-04T07:35:26+00:00,2933,Informational,0.566929,Mitigating,high,2933,398,0.1358141949870301,0.13569723832253666,0
v169,douyin,7587266974066003235,https://www.douyin.com/video/7587266974066003235,齐鲁晚报·果然视频,官方权威回应关于“哪位少爷吸了”的言论,5822,32999000,2025-12-23T19:51:03+00:00,57,Mitigating,1.0,Mitigating,high,57,0,0.00017008195496409347,0.0,0
v170,douyin,7582024198839749940,https://www.douyin.com/video/7582024198839749940,深秋不是鸡腿子,毒品如何摧毁“意志”？救治还是惩罚？ 禁毒事业的光荣与艰巨 #吸毒人员  #中国  #戒毒所  #理性看世界  #硬核深度计划,6274,111000,2025-12-09T16:46:42+00:00,187,Informational,0.55543,Mitigating,high,187,8,0.042910884326681206,0.0427807486631016,0
v171,douyin,7580211146133687588,https://www.douyin.com/video/7580211146133687588,法律之盐,一个视频了解，中国法律对毒品犯罪到底有多严格。 #热点 #禁毒 #抖来普法2025,354556,480000,2025-12-04T21:15:12+00:00,5019,Intensifying,0.470405,Informational,high,5019,947,0.18879017216471733,0.18868300458258616,0
v172,douyin,7587269711902627577,https://www.douyin.com/video/7587269711902627577,封面新闻,法工委回应“哪位少爷吸了”：法律面前人人平等，立法工作不受任何特殊利益群体、组织或个人的不当影响,69215,32006000,2025-12-23T20:01:36+00:00,63,Mitigating,0.954545,Mitigating,high,63,0,0.0004999202310933643,0.0,0
v173,douyin,7618895952427134641,https://www.douyin.com/video/7618895952427134641,法学界陈枫,#涉毒零容忍,3797,178000,2026-03-19T01:27:29+00:00,340,Intensifying,1.0,Intensifying,high,340,96,0.28216767339855486,0.2823529411764706,0
v174,douyin,7579536396554095913,https://www.douyin.com/video/7579536396554095913,工人日报,#浙江宣传 发文：“吸毒记录封存”之忧要被听见,87050,2125000,2025-12-02T23:52:26+00:00,22,Informational,0.625,Informational,medium,22,1,0.045550144858266736,0.045454545454545456,0
v175,douyin,7587307078239276297,https://www.douyin.com/video/7587307078239276297,今日关注,12月24日，全国人大法工委回应关于“吸毒记录封存”。,6244,22738000,2025-12-23T22:26:39+00:00,493,Mitigating,1.0,Informational,high,493,17,0.03550500846683092,0.034482758620689655,0
v176,douyin,7583353956488449338,https://www.douyin.com/video/7583353956488449338,铜鼓发布,谨防“征求意见”沦为纸面程序，“征求意见”要真求意见、求真意见。#浙江宣传 #吸毒记录封存 @抖音小助手 @DOU+上热门,11179,104000,2025-12-13T15:00:00+00:00,499,Mitigating,0.923077,Informational,medium,499,55,0.11107260083956941,0.11022044088176353,0
v177,douyin,7579491967453711642,https://www.douyin.com/video/7579491967453711642,中国蓝新闻,对于#零容忍 的#毒品 领域而言，任何放松都是放松了无数倍！网友反应强烈的核心，是不愿看到吸毒的#违法成本 被降低。法治进步既需要专业的构建，也需要#人心 的认同。公众对这个规定的关注与讨论，恰恰是监督这一制度不断完善、确保在执行中不被异化的宝贵力量。#吸毒记录封存,1045346,6630000,2025-12-02T21:00:00+00:00,623,Intensifying,1.0,Intensifying,high,623,79,0.12684151606006425,0.12680577849117175,0
v178,douyin,7587352009324743985,https://www.douyin.com/video/7587352009324743985,杭州网,官方回应“哪位少爷吸了”,148102,8246000,2025-12-24T01:21:04+00:00,4038,Mitigating,0.641026,Mitigating,high,4038,475,0.11769871408105805,0.11763249133234274,0
v179,douyin,7587418242583498003,https://www.douyin.com/video/7587418242583498003,生活帮,12月24日（报道）法工委回应“吸毒记录封存”，表示封存不是消除、删除记录。立法工作不受任何特殊利益群体不当影响。,12617,13472000,2025-12-24T05:38:50+00:00,223,Mitigating,0.833333,Mitigating,high,223,5,0.022539314249030058,0.02242152466367713,0
v180,douyin,7579452952138632458,https://www.douyin.com/video/7579452952138632458,半月谈,浙江宣传：“吸毒记录封存”之忧要被听见 #半月谈  #半月谈关注,947528,4106000,2025-12-02T18:28:37+00:00,919,Mitigating,1.0,Intensifying,medium,919,102,0.11090940547049377,0.11099020674646355,0
v181,douyin,7580307732415270170,https://www.douyin.com/video/7580307732415270170,中国蓝新闻,关于#吸毒记录封存  的讨论，我们已经连续发了几天评论。#法治共识  不是天然形成，而是在良性互动中凝聚升华。最好的#普法 从来不是照本宣科，而是紧扣群众关切，让法律条文从文本走向生活。倾听民众的呼声，才能让制度边界在热议中愈发清晰，让法治信仰在潜移默化中生根发芽。,1726463,6630000,2025-12-05T01:45:34+00:00,149,Mitigating,0.747899,Informational,medium,149,5,0.03373898192424672,0.03355704697986577,0
v182,douyin,7596925351180193062,https://www.douyin.com/video/7596925351180193062,陕西警方,10年帮扶，民警把吸毒人员女儿培养成名校毕业生，走上健康人生 在西安市公安局莲湖分局土门派出所的档案室里，静静存放着一份特殊的记录。它没有惊天动地的案情记载，却详实记录了一名吸毒人员子女从初中辍学边缘，一步步逆袭为名牌大学研究生的蜕变轨迹。       一句承诺，为绝境女孩点亮微光       时间回溯到2015年的寒冬，土门派出所民警冯贵灵带队抓捕吸毒人员。当房门被推开的瞬间，民警们的目光被墙角一个瘦小的身影刺痛——那是该吸毒人员刚上初中的女儿。       没有丝毫犹豫，冯贵灵蹲下身，轻声安抚：“不要怕，有警察叔叔照顾你。”这句脱口而出的承诺，像一束微光，穿透了女孩心中的阴霾。谁也不曾想到，这个简单的约定，会成为一场跨越十年的守护开端。       十年坚守，织密护苗网络       从那天起，土门派出所的民警自发将这份承诺转化为日复一日的行动。冯贵灵主动扛起帮扶责任，每月定期与女孩见面、对接学校老师，精准掌握她的学业与心理状态；所里的民警们轮流接力，为女孩辅导功课、答疑解惑。社区工作人员也主动加入帮扶队伍，积极为女孩申请低保与廉租房，解决她的生活后顾之忧。       2017年冬天，困境再次降临——女孩的父亲身亡，巨大的打击让女孩陷入绝望，成绩一落千丈，甚至萌生了辍学的念头。冯贵灵看在眼里、急在心上，连续三个月，他每天都要询问女孩的情况，下班后无论多晚，都会绕道去她家陪她聊天、辅导功课，耐心疏导她的负面情绪。同时，他积极协调社区开展心理辅导，一次次陪伴女孩接受心理干预，帮她慢慢走出失去亲人的阴影。       薪火相传，护航不止步       在民警们的陪伴下，女孩的成绩稳步提升，2018年中考以优异成绩考入重点高中，2021年高考更以超出录取线130分的优异成绩被西安电子科技大学录取。现在的冯贵灵已经退休，但他牵头创建的“银发警务”志愿服务队接过了帮扶接力棒，退休民警们延续着这份温暖，不仅持续资助女孩完成学业，还积极帮她申请助学金。2025年，女孩完成学业顺利毕业，入职一家知名企业，用奋斗改写了命运。,2243,2623000,2026-01-18T20:30:32+00:00,69,Mitigating,1.0,Informational,high,69,2,0.029213959165803237,0.028985507246376812,0
v183,douyin,7580071104133138929,https://www.douyin.com/video/7580071104133138929,大众新闻-大众日报,当毒品从母体流向婴儿，《凤凰路》：六年跟拍吸毒站街女，直击背后触目惊心的代际传递，这份罪孽的尽头，究竟在哪里? #凤凰路 #禁毒 #禁毒宣传 #婴儿 #深圳,138457,2146000,2025-12-04T10:27:43+00:00,2420,Intensifying,0.677419,Intensifying,high,2420,406,0.16815414463290376,0.16776859504132233,0
v184,douyin,7579593192602907387,https://www.douyin.com/video/7579593192602907387,浙江之声,浙江宣传：“吸毒记录封存”之忧要被听见。#浙江 #禁毒,512102,5606000,2025-12-03T03:32:49+00:00,9536,Intensifying,0.727273,Informational,medium,9536,343,0.03653155037510098,0.035968959731543626,0
v185,douyin,7579544262528091314,https://www.douyin.com/video/7579544262528091314,评论员刘雪松,吸毒记录封存，公众之忧要被听见 被尊重 #浙江宣传：“吸毒记录封存”之忧要被听见  #抖音热评,218465,10694000,2025-12-03T00:22:58+00:00,1659,Informational,0.798077,Mitigating,medium,1659,225,0.13621189307871406,0.13562386980108498,0
v186,douyin,7577796982372035697,https://www.douyin.com/video/7577796982372035697,第一财经,2026年新规吸毒记录可以封存！律师解读,81744,11532000,2025-11-28T07:22:34+00:00,2999,Informational,0.5,Mitigating,high,2999,674,0.2247914800248243,0.2247415805268423,0
v187,douyin,7587286830098271530,https://www.douyin.com/video/7587286830098271530,党员生活,官方权威回应“哪位少爷吸了”等相关问题,79485,518000,2025-12-23T21:08:20+00:00,2091,Mitigating,1.0,Mitigating,high,2091,43,0.020651427286184538,0.020564323290291727,0
v188,douyin,7587264162544307507,https://www.douyin.com/video/7587264162544307507,环球时报,全国人大常委会法工委回应“哪位少爷吸了” 相关言论：立法工作不受任何特殊利益群体、组织或者个人的不当影响（编辑：豆啵）,14259,28319000,2025-12-23T19:40:10+00:00,21,Mitigating,1.0,Mitigating,high,21,0,0.00042150881996522437,0.0,0
v189,douyin,7587299198387981577,https://www.douyin.com/video/7587299198387981577,浪涨新闻,关于吸毒记录封存 “哪位少爷吸了” 最新回应,18,7287000,2025-12-23T21:56:56+00:00,8,Mitigating,0.617021,Mitigating,high,8,0,0.0005816111206513597,0.0,0
v190,douyin,7587715594025455281,https://www.douyin.com/video/7587715594025455281,时间视频,法工委明确回应“哪位少爷吸了”争议：封存不等于删除，绝无特权通道！#主播说新闻 #媒体精选计划,141,2746000,2025-12-25T00:51:50+00:00,8,Mitigating,0.53125,Mitigating,high,8,1,0.1244161970780624,0.125,0
v191,douyin,7587421526623767814,https://www.douyin.com/video/7587421526623767814,大风新闻,“吸毒记录封存”问题，人大法工委终于做出回应#吸毒记录封存 #人大 #法工委 #治安管理处罚法,2445,3525000,2025-12-24T05:50:46+00:00,23,Informational,0.503759,Mitigating,high,23,1,0.046760928449183,0.043478260869565216,0
v192,douyin,7587342431876549898,https://www.douyin.com/video/7587342431876549898,闪电新闻,官方回应治安违法记录封存等问题：封存不是消除、删除记录，有关违法信息仍然记录在案，立法工作不受任何特殊利益群体、组织或个人的不当影响。#闪电主播说,6929,18378000,2025-12-24T00:43:53+00:00,12,Mitigating,0.82,Mitigating,high,12,0,0.0004126508908181374,0.0,0
v193,douyin,7587279112692141355,https://www.douyin.com/video/7587279112692141355,BRTV新闻,“哪位少爷吸了？”最新官方回应来了！,133,5082000,2025-12-23T20:38:33+00:00,5,Mitigating,1.0,Mitigating,high,5,0,0.0006085490618715994,0.0,0
v194,douyin,7587349630418029875,https://www.douyin.com/video/7587349630418029875,南海网,官方回应“哪位少爷吸了”，中华人民共和国公民在法律面前一律平等,2763,1291000,2025-12-24T01:11:54+00:00,222,Mitigating,0.75,Mitigating,high,222,6,0.028346461171266227,0.02702702702702703,0
v195,douyin,7587374886881496354,https://www.douyin.com/video/7587374886881496354,重庆渝中,官方回应“哪位少爷吸了”#官方正式回应“吸毒记录封存”#吸毒,495,83000,2025-12-24T02:49:54+00:00,33,Mitigating,0.641509,Mitigating,high,33,0,0.0003069404924507112,0.0,0
v196,douyin,7587314985731607866,https://www.douyin.com/video/7587314985731607866,西安广播电视台,官方回应“关于哪位少爷吸了”言论 #禁毒#你好我的城,453,1788000,2025-12-23T22:57:37+00:00,19,Mitigating,1.0,Mitigating,high,19,0,0.0002356392107781415,0.0,0
v197,douyin,7587267765187185962,https://www.douyin.com/video/7587267765187185962,津云,法工委回应封存吸毒记录相关问题关于“哪位少爷吸了” 中华人民共和国公民在法律面前一律平等 立法工作不受任何特殊利益群体、组织或者个人的不当影响#法工委 #封存吸毒记录,3805,5624000,2025-12-23T19:54:18+00:00,59,Informational,0.571429,Mitigating,high,59,3,0.05107867479461474,0.05084745762711865,0
v198,douyin,7587313697653181733,https://www.douyin.com/video/7587313697653181733,西安广播电视台,关于”吸毒记录封存，治安处罚记录封存等问题#你好我的城,92,1788000,2025-12-23T22:52:33+00:00,4,Mitigating,1.0,Informational,high,4,0,0.00016736888755986,0.0,0
v199,douyin,7587344236673060145,https://www.douyin.com/video/7587344236673060145,看见·主播说,#关于“吸毒记录封存”“哪位少爷吸了”等问题，全国人大常委会法制工作委员会回应#,123,481000,2025-12-24T00:50:54+00:00,5,Mitigating,0.882353,Mitigating,high,5,0,0.00027816289803013207,0.0,0
v200,douyin,7587271318782643519,https://www.douyin.com/video/7587271318782643519,龙井融媒,官方权威回应“吸毒记录封存”等相关问题 修订后的治安管理处罚法将于2026年1月1日起施行。近期，一些网络媒体、网友等对治安管理处罚法第136条规定比较关注，提出了一些疑问。就此，人民日报记者联系全国人大常委会法制工作委员会发言人办公室，希望法工委对网络舆情反映的一些关切和问题给予必要说明。 #治安管理处罚法,386,161000,2025-12-23T20:08:06+00:00,27,Mitigating,1.0,Mitigating,high,27,0,0.00036372266832687374,0.0,0
v201,douyin,7587292798810950918,https://www.douyin.com/video/7587292798810950918,看见,24日关于“哪位少爷吸了”   全国人大常委会法工委最新回应：,429,9834000,2025-12-23T21:31:19+00:00,30,Mitigating,0.863636,Mitigating,high,30,0,0.00026245212866342625,0.0,0
v202,douyin,7587325793173245236,https://www.douyin.com/video/7587325793173245236,21世纪经济报道,官方回应“哪位少爷吸了”、治安违法记录封存等问题,61,3582000,2025-12-23T23:39:23+00:00,5,Mitigating,0.978261,Mitigating,high,5,2,0.3986465188732836,0.4,1
v203,douyin,7587328481436962057,https://www.douyin.com/video/7587328481436962057,财消息,官方回应“哪位少爷吸了”#政策 #官方回应 #社会热点,37,1070000,2025-12-23T23:49:48+00:00,3,Mitigating,0.909091,Informational,high,3,0,0.00018233886900513122,0.0,0
v204,douyin,7587368760329702719,https://www.douyin.com/video/7587368760329702719,济南市中正荣凯调解协会,官方回应“哪位少爷吸了”治安记录封存等问题 #吸毒记录封存政策 #法律咨询,111,626000,2025-12-24T02:26:24+00:00,15,Mitigating,0.777778,Mitigating,high,15,0,0.00046194803677887346,0.0,0
v205,douyin,7587310876919631154,https://www.douyin.com/video/7587310876919631154,国际在线陕西频道,官方回应关于“哪位少爷吸了”言论 #刑法  #法律  #拒绝毒品 #禁毒 #硬核深度计划,304,298000,2025-12-23T22:41:23+00:00,89,Mitigating,1.0,Mitigating,high,89,2,0.022789710800077117,0.02247191011235955,0
v206,douyin,7587350991238909210,https://www.douyin.com/video/7587350991238909210,宁波晚报,法工委正面回应“哪位少爷吸了” 立法工作不受任何特殊利益群体、组织或者个人的不当影响，封存不是消除、删除记录 禁毒工作没有任何松懈#禁毒 （人民日报）,122,2548000,2025-12-24T01:17:08+00:00,14,Mitigating,1.0,Mitigating,high,14,0,0.0005040574589137188,0.0,0
v207,douyin,7587264727064055092,https://www.douyin.com/video/7587264727064055092,930老友记,【#官方回应哪位少爷吸了言论 】修订后的治安管理处罚法将于2026年1月1日起施行。近期，一些网络媒体、网友等对治安管理处罚法第136条规定比较关注，提出了一些疑问。#法工委回应吸毒记录封存相关疑问  法工委有关负责人表示，近期，有言论针对第136条规定的封存措施提出“哪位少爷吸了”的问题，从法治上讲，中华人民共和国公民在法律面前一律平等，这是宪法确立的基本原则。在国家立法、执法、司法、守法等各环节法治工作中，任何组织或者个人都不得有超越宪法和法律的特权，一切违反宪法法律法规的行为都必须依法予以追究。宪法和立法法、有关组织法、有关议事规则等法律对立法活动、立法工作作出了全面系统的规定，为立法活动、立法工作提供了有力法治保障。立法工作不受任何特殊利益群体、组织或者个人的不当影响。（新华社）#拒绝毒品,330,1914000,2025-12-23T19:42:31+00:00,13,Mitigating,1.0,Mitigating,high,13,0,0.0002633742898559341,0.0,0
v208,douyin,7587371204403531042,https://www.douyin.com/video/7587371204403531042,百姓关注,关于“吸毒记录封存”等问题，全国人大常委会法工委回应：封存不 是消除、删除记录@治麟不是志玲,444,14193000,2025-12-24T02:35:42+00:00,10,Mitigating,0.55814,Mitigating,high,10,0,0.0001797294280549977,0.0,0
v209,douyin,7587419859525455156,https://www.douyin.com/video/7587419859525455156,新闻联合播,吸毒记录封存？哪位少爷吸了？全国人大常委会法工委回应，我国是世界上对毒品犯罪惩治最严厉的国家之一，国家依法惩治和打击毒品犯罪的态度、措施和制度没有任何改变。#禁毒一日不止 #云南禁毒,1370,329000,2025-12-24T05:44:49+00:00,140,Mitigating,0.774892,Mitigating,high,140,12,0.08639626635657416,0.08571428571428572,0
v210,douyin,7587262451851316532,https://www.douyin.com/video/7587262451851316532,GZTV百姓生活,关于“哪位少爷吸了”和“吸毒记录封存”，全国人大常委会法制工作委员会有关负责人作出说明和回应！#缉毒,318,111000,2025-12-23T19:33:41+00:00,34,Mitigating,1.0,Mitigating,high,34,3,0.0890579861432557,0.08823529411764706,0
v211,douyin,7587265985917242678,https://www.douyin.com/video/7587265985917242678,公关世界杂志社记者编辑部,关于“吸毒记录封存”、“哪位少爷吸了”等相关言论，法工委最新回应来了！#吸毒记录封存 #吸毒,990,70000,2025-12-23T19:47:29+00:00,89,Mitigating,1.0,Mitigating,high,89,0,0.0002087435552332383,0.0,0
v212,douyin,7587269184795495714,https://www.douyin.com/video/7587269184795495714,起点新闻,官方权威回应“吸毒记录封存”等问题,494,6066000,2025-12-23T19:59:40+00:00,14,Mitigating,1.0,Mitigating,high,14,0,0.0002809558583456757,0.0,0
v213,douyin,7587334942082796850,https://www.douyin.com/video/7587334942082796850,无线徐州,关于“哪位少爷吸了”的问题法工委回应 #徐州 #吸毒记录封存政策,81,1856000,2025-12-24T00:14:53+00:00,6,Mitigating,0.621212,Mitigating,high,6,0,0.00015408902860751064,0.0,0
v214,douyin,7587280632347151670,https://www.douyin.com/video/7587280632347151670,凤凰WEEKLY,法工委回应“哪位少爷吸了”：法律面前一律平等，立法工作不受任何特殊利益群体、组织或者个人的不当影响#媒体精选计划,516,14076000,2025-12-23T20:44:22+00:00,127,Mitigating,1.0,Mitigating,high,127,3,0.023819804346676104,0.023622047244094488,0
v215,douyin,7587423011213495586,https://www.douyin.com/video/7587423011213495586,新黄河,“哪位少爷吸了”？法工委回应吸毒记录封存相关问题（出镜：高鑫 摄像：张文龙 剪辑、运营：冯业鹏）,326,4182000,2025-12-24T05:57:12+00:00,13,Informational,0.565217,Mitigating,high,13,0,0.0003826525633205445,0.0,0
v216,douyin,7587273068544855322,https://www.douyin.com/video/7587273068544855322,冀时新闻,全国人大常委会法工委回应“哪位少爷吸了” 相关言论：立法工作不受任何特殊利益群体、组织或者个人的不当影响,67,8360000,2025-12-23T20:14:41+00:00,5,Mitigating,1.0,Mitigating,high,5,0,0.0007102960124029778,0.0,0
v217,douyin,7587359571724717361,https://www.douyin.com/video/7587359571724717361,中国报道,我国禁毒工作没有任何松懈！法工委回应“吸毒记录封存”“哪位少爷吸了”等问题：封存不是消除、删除记录，有关违法信息仍然记录在案，但不得随意查询、提供或者披露。#禁毒 #吸毒记录封存,871,140000,2025-12-24T01:50:27+00:00,132,Intensifying,0.714286,Mitigating,high,132,7,0.053638824342477055,0.05303030303030303,0
v218,douyin,7587365063242026286,https://www.douyin.com/video/7587365063242026286,浏阳日报,关于“吸毒记录封存”等问题，全国人大常委会法工委回应: 封存不是消除删除记录。国家依法惩治和打击毒品犯罪的态度、措施和制度没有任何改变。,536,1816000,2025-12-24T04:15:00+00:00,35,Intensifying,0.475,Mitigating,high,35,2,0.05708052830304951,0.05714285714285714,0
v219,douyin,7587349504827886898,https://www.douyin.com/video/7587349504827886898,浙江老年报,法工委回应“哪位少爷吸了““吸毒记录封存”等问题。立法工作不受任何特殊利益群体、组织或者个人的不当影响。封存不是消除、删除记录，禁毒工作没有任何松懈。,431,268000,2025-12-24T01:11:19+00:00,16,Mitigating,0.863636,Mitigating,high,16,2,0.12514271349709816,0.125,0
v220,douyin,7587313896281673000,https://www.douyin.com/video/7587313896281673000,宜春发布,官方回应关于“哪位少爷吸了”言论。 全国人大常委会法工委回应：封存不是消除、删除记录！ #禁毒 #法律,132,605000,2025-12-24T04:00:00+00:00,4,Mitigating,0.75,Mitigating,high,4,0,0.0007484733760065865,0.0,0
v221,douyin,7587303318678949154,https://www.douyin.com/video/7587303318678949154,长江云新闻,关于“哪位少爷吸了” “吸毒记录封存” 全国人大常委会法工委最新回应,235,41147000,2025-12-23T22:12:05+00:00,48,Mitigating,0.742857,Mitigating,high,48,1,0.021042339756832007,0.020833333333333332,0
v222,douyin,7587315636683033896,https://www.douyin.com/video/7587315636683033896,陕西日报,关于“吸毒记录封存”等问题，全国人大常委会法工委回应,1314,128000,2025-12-23T22:59:54+00:00,2,Mitigating,1.0,Mitigating,high,2,0,9.378216782351956e-05,0.0,0
v223,douyin,7587274802579197210,https://www.douyin.com/video/7587274802579197210,帮视频,法工委回应“吸毒记录封存等问题”：任何组织或个人都不得有超越宪法和法律的特权@抖音小助手 #法工委,789,983000,2025-12-23T20:21:40+00:00,20,Mitigating,0.941176,Mitigating,high,20,1,0.05023081674007699,0.05,0
v224,douyin,7587368286858399022,https://www.douyin.com/video/7587368286858399022,王盛律师,吸毒记录封存≠法外开恩？ 吸毒记录封存≠法外开恩？#法工委回应 #哪位少爷吸了 #吸毒记录封存 #王盛律师 #抖来普法2025,15,15000,2025-12-24T02:24:19+00:00,3,Informational,0.609626,Mitigating,high,3,1,0.3325048630455664,0.3333333333333333,1
v225,douyin,7587266635205332283,https://www.douyin.com/video/7587266635205332283,海量财经,关于“吸毒记录封存”等，全国人大常委会法工委最新回应（人民日报）,336,1257000,2025-12-23T19:49:49+00:00,15,Mitigating,0.823529,Mitigating,high,15,0,0.00035408927554575107,0.0,0
v226,douyin,7587354744432266545,https://www.douyin.com/video/7587354744432266545,弓立军,回应 吸毒记录封存,40,2171000,2025-12-24T01:31:47+00:00,4,Informational,0.77027,Mitigating,high,4,0,7.688263758609537e-05,0.0,0
v227,douyin,7587306456132750611,https://www.douyin.com/video/7587306456132750611,观海新闻,关于治安管理处罚法第136条相关问题的说明和回应 关于治安管理处罚法第136条相关问题的说明和回应 #官方回应哪位少爷吸了  修订后的治安管理处罚法将于2026年1月1日起施行。全国人大常委会法工委有关负责人作出了说明和回应。#法工委回应吸毒记录封存相关问题,4979,392000,2025-12-23T22:24:28+00:00,360,Mitigating,1.0,Mitigating,high,360,23,0.06302872937560298,0.06388888888888888,0
v228,douyin,7587319675386596660,https://www.douyin.com/video/7587319675386596660,中国经营报,官方回应吸毒记录封存相关问题：封存不是消除，禁毒工作从未松懈 #法工委回应吸毒记录封存相关问题 #关于吸毒记录封存的3点说明 #打击犯罪 #热点,390,1591000,2025-12-23T23:15:38+00:00,39,Informational,0.6,Mitigating,high,39,4,0.1047452301236962,0.10256410256410256,0
v229,douyin,7587355318250736946,https://www.douyin.com/video/7587355318250736946,陕西网,"关于""吸毒记录封存""等问题，全国人大常委会法工委回应!#吸毒记录封存政策",287,607000,2025-12-24T01:33:52+00:00,3,Mitigating,0.6,Mitigating,high,3,0,0.000805596728847983,0.0,0
v230,douyin,7592137087181180175,https://www.douyin.com/video/7592137087181180175,百里杜鹃融媒,携手禁毒，共同守护！ #禁毒 #禁毒你我同行 #禁毒宣传 @抖音小助手,3875,149000,2026-01-05T22:49:40+00:00,543,Intensifying,1.0,Informational,high,543,43,0.08663449731622348,0.07918968692449356,0
v231,douyin,7585394337140280602,https://www.douyin.com/video/7585394337140280602,永宁检察,划重点！引诱、教唆他人吸毒，最高拘留 15 天 + 罚 5000！#治安管理处罚法  #下午茶  #法条速递 #别划走,39092,13000,2025-12-20T00:00:00+00:00,3202,Mitigating,0.636364,Informational,high,3202,240,0.07514503600749783,0.07495315427857589,0
v232,douyin,7584355098885737768,https://www.douyin.com/video/7584355098885737768,法治亳州,新《中华人民共和国治安管理处罚法》施行 这些涉毒行为后果严重!#法律 #法治亳州,65928,89000,2025-12-18T01:30:00+00:00,11101,Mitigating,1.0,Informational,high,11101,728,0.066796563361026,0.06557967750653095,0
v233,douyin,7587320661341654308,https://www.douyin.com/video/7587320661341654308,江苏刑事律师｜倪震博士,江苏是怎么管理吸毒人员的 #抖来普法2025 #禁毒宣传 #动态管控 #禁毒你我同行 #江苏刑事律师倪震博士,7604,4813,2025-12-25T01:00:00+00:00,564,Mitigating,0.737226,Intensifying,high,564,54,0.09678450805352035,0.09574468085106383,0
v234,douyin,7591309168004805730,https://www.douyin.com/video/7591309168004805730,靖宇融媒,2026 年 1月 1 日起，新《中华人民共和国治安管理处罚法》施行，这些涉毒行为后果很严重,11766,20000,2026-01-03T17:16:40+00:00,100,Mitigating,1.0,Informational,high,100,9,0.09470167449420842,0.09,0
v235,douyin,7582634383744470291,https://www.douyin.com/video/7582634383744470291,付达飞律师,禁毒科普：吸毒入刑，你怎么看？我对吸毒入刑、吸毒判刑的看法，解决方案和个人建议。 #禁毒 #禁毒宣传 #禁毒你我同行 #罗翔 #贩毒的量刑标准是多少,77,9828,2025-12-11T08:14:46+00:00,11,Informational,0.932432,Informational,high,11,3,0.2757007586161225,0.2727272727272727,0
v236,douyin,7584293824160189696,https://www.douyin.com/video/7584293824160189696,法山叔,解读罗翔老师《吸毒是否入刑需要具体问题具体分析》 含蓄隐晦背后的真我，罗翔老师《吸毒是否入刑需要具体问题具体分析》个人读后感分享。#罗翔 #刑法 #刑事辩护 #法山叔,3453,57000,2025-12-15T19:33:46+00:00,147,Informational,0.625692,Informational,high,147,15,0.10008652281877545,0.10204081632653061,0
v237,douyin,7582426179118861594,https://www.douyin.com/video/7582426179118861594,半月谈,罗翔在人民法院报撰文：吸毒是否入刑需具体问题具体分析 （来源：中国新闻网）,37810,4106000,2025-12-10T18:46:14+00:00,2215,Mitigating,0.72,Informational,high,2215,298,0.1356138344267392,0.1345372460496614,0
v238,douyin,7587405204941966607,https://www.douyin.com/video/7587405204941966607,康小卷,任何吸毒痕迹都会留下证据！人生没有“删除键”，别碰第一口！#上热门🔥 #禁毒 #健康科普 #医生日常 @DOU+小助手 @抖音小助手 @抖加🔥上热门🔥dou+🔥热点宝,1971,3765,2025-12-24T04:47:33+00:00,138,Mitigating,1.0,Intensifying,high,138,12,0.08911070281528341,0.08695652173913043,0
v239,douyin,7597745554798602163,https://www.douyin.com/video/7597745554798602163,卢麒元—《政治经济学》,#呼吁确立“吸毒与贩毒同罪化”的立法原则 @法学界陈枫,183501,1073000,2026-01-21T01:33:09+00:00,21588,Mitigating,1.0,Intensifying,high,21588,1149,0.05592344031245044,0.053224013340744857,0
v240,douyin,7597650931219998451,https://www.douyin.com/video/7597650931219998451,卢麒元—《政治经济学》,#吸毒与贩毒同罪化提议可行吗？ @法学界陈枫 法学界陈枫提出将吸毒与贩毒同罪化的立法建议,62480,1073000,2026-01-20T19:26:00+00:00,4398,Mitigating,1.0,Informational,high,4398,353,0.08104717608430999,0.0802637562528422,0
v241,douyin,7598734741551184562,https://www.douyin.com/video/7598734741551184562,卢麒元—《政治经济学》,#法学界陈枫 @法学界陈枫 自2017年开始提出吸毒与贩毒同罪化 你支持吗？,109850,1073000,2026-01-23T17:31:44+00:00,4963,Intensifying,1.0,Intensifying,medium,4963,506,0.10181220702221236,0.10195446302639533,0
v242,douyin,7582552430563413298,https://www.douyin.com/video/7582552430563413298,生活帮,吸毒是否入刑？12月11日，罗翔在人民法院报撰文发声：吸毒是否入刑需要具体问题具体分析，不能“一刀切”。 法律是平衡艺术，拒绝“一刀切”。#吸毒 #罗翔,90265,13472000,2025-12-11T02:56:13+00:00,2115,Mitigating,1.0,Informational,high,2115,197,0.0933718749558612,0.09314420803782505,0
v243,douyin,7582912721918643475,https://www.douyin.com/video/7582912721918643475,BRTV新闻,全球多国禁毒重拳出击！罗翔：“和光同尘”比“非黑即白”更恰当 “吸毒是否入刑”引发社会热议!,70728,5082000,2025-12-12T02:14:21+00:00,1500,Informational,0.8125,Informational,high,1500,226,0.15183504700459888,0.15066666666666667,0
v244,douyin,7582490212920560938,https://www.douyin.com/video/7582490212920560938,第一财经,吸毒是否入刑？罗翔发声：不能“一刀切” 法律是平衡艺术，拒绝重邢迷信,4048,11532000,2025-12-10T22:54:48+00:00,1038,Intensifying,0.5,Informational,high,1038,120,0.11550469033187143,0.11560693641618497,0
v245,douyin,7582421336954342665,https://www.douyin.com/video/7582421336954342665,中国新闻网,罗翔在人民法院报撰文：吸毒是否入刑需具体问题具体分析,22516,39725000,2025-12-10T18:27:29+00:00,967,Mitigating,0.72,Informational,high,967,140,0.14624519232929478,0.14477766287487073,0
v246,douyin,7580598140785413416,https://www.douyin.com/video/7580598140785413416,铜鼓发布,《辽宁省禁毒条例》公布 #禁毒 #辽宁 #严厉打击违法犯罪 #禁毒你我同行 @抖音小助手 @DOU+上热门,218935,104000,2025-12-06T15:00:00+00:00,4507,Mitigating,0.909091,Informational,high,4507,634,0.1411632855928008,0.14067006878189484,0
v247,douyin,7578351546514115883,https://www.douyin.com/video/7578351546514115883,章律YOYO,为什么单纯的吸毒行为不构成犯罪？ #禁毒宣传 #刑法学 #治安管理处罚法 Why is simple drug use not considered a crime?,113169,240000,2025-11-29T19:14:42+00:00,5984,Informational,1.0,Mitigating,high,5984,533,0.0903019570362346,0.08907085561497326,0
v248,douyin,7582582550146960697,https://www.douyin.com/video/7582582550146960697,大众新闻-大众日报,"吸毒是否入刑? 罗翔：需要具体问题具体分析，当救命""氯巴占""成为法律上的""毒品""，法治还需于理性中守护不可或缺的人性温暖！#罗翔 #氯巴占 #毒品 #吸毒",50649,2146000,2025-12-11T04:53:29+00:00,2198,Informational,0.537037,Mitigating,medium,2198,256,0.11711031402292453,0.1164695177434031,0
v249,douyin,7582801566449585434,https://www.douyin.com/video/7582801566449585434,云新闻(云南日报),罗翔在《人民法院报》撰文：吸毒是否入刑需要具体问题具体分析,68392,2016000,2025-12-11T19:02:59+00:00,2666,Intensifying,0.823529,Informational,high,2666,467,0.1758932631943525,0.1751687921980495,0
v250,douyin,7582481618125163825,https://www.douyin.com/video/7582481618125163825,杭州日报,#罗翔称吸毒是否入刑需要具体问题具体分析 从应然的角度，吸毒入刑有一定的道理；从实然的角度，不少吸毒行为本来就已经进入现行刑法。#吸毒 #刑法,32749,8794000,2025-12-10T22:21:46+00:00,20,Informational,0.470588,Informational,high,20,1,0.050533889327925866,0.05,0
v251,douyin,7582438548742130984,https://www.douyin.com/video/7582438548742130984,Hi北京,12月11日中国政法大学教授罗翔在人民法院报发表署名文章，吸毒是否入刑需要具体问题具体分析,2624,2082000,2025-12-10T19:34:25+00:00,509,Informational,0.7,Informational,high,509,61,0.12242873062386005,0.11984282907662082,0
v252,douyin,7582482481972202811,https://www.douyin.com/video/7582482481972202811,长江云新闻,中国政法大学教授罗翔：吸毒是否入刑需要具体问题具体分析#罗翔 #缉毒警察 #缉毒 #缉毒英雄 #缉毒现场,21260,41147000,2025-12-10T22:24:57+00:00,1353,Intensifying,0.625,Informational,medium,1353,301,0.22233806300513134,0.22246858832224686,0
v253,douyin,7582441320568966443,https://www.douyin.com/video/7582441320568966443,海报新闻,吸毒该不该一律入刑？罗翔发声：不能“一刀切”（人民法院报）,11077,18444000,2025-12-10T19:45:04+00:00,762,Informational,0.745455,Informational,high,762,103,0.1345980237369974,0.13517060367454067,0
v254,douyin,7582551759697186097,https://www.douyin.com/video/7582551759697186097,弓立军,吸毒入刑？罗翔说看具体,1909,2171000,2025-12-11T02:53:41+00:00,105,Mitigating,0.986486,Informational,high,105,11,0.11025307708159311,0.10476190476190476,0
v255,douyin,7582564732121615657,https://www.douyin.com/video/7582564732121615657,长江云新闻,罗翔发表文章谈“吸毒入刑”,54362,41147000,2025-12-11T03:43:59+00:00,786,Informational,0.754386,Informational,high,786,121,0.1544743557956269,0.15394402035623408,0
v256,douyin,7582469203450481974,https://www.douyin.com/video/7582469203450481974,环球时报,关于“吸毒是否入刑”，《人民法院报》刊发罗翔署名文章 （编辑：小雪）,12478,28319000,2025-12-10T21:33:18+00:00,461,Mitigating,1.0,Informational,high,461,150,0.3228754620379016,0.32537960954446854,1
v257,douyin,7582491505253338417,https://www.douyin.com/video/7582491505253338417,长城新媒体,12月11日，中国政法大学教授罗翔在人民法院报撰文：吸毒是否入刑，需要具体问题具体分析。（人民法院报）,19199,8367000,2025-12-10T22:59:57+00:00,670,Mitigating,1.0,Informational,high,670,105,0.15673455564256208,0.15671641791044777,0
v258,douyin,7582511185044819237,https://www.douyin.com/video/7582511185044819237,宜春发布,罗翔在人民法院报撰文 吸毒是否入刑 需要具体问题具体分析#罗翔,33308,605000,2025-12-11T00:16:23+00:00,2251,Mitigating,0.655172,Informational,high,2251,358,0.15952827499130218,0.15904042647712127,0
v259,douyin,7582505230647381267,https://www.douyin.com/video/7582505230647381267,观海新闻,罗翔在人民法院报撰文：吸毒是否入刑需要具体问题具体分析。 #罗翔 #法律 #缉毒 #正义 #罗翔撰文谈吸毒入刑问题,6674,392000,2025-12-10T23:53:31+00:00,600,Informational,1.0,Informational,high,600,72,0.11860900583265296,0.12,0
v260,douyin,7582547540420349221,https://www.douyin.com/video/7582547540420349221,弓立军,吸毒入刑？罗翔说看具体,2351,2171000,2025-12-11T02:37:24+00:00,196,Informational,0.775862,Informational,high,196,22,0.11386269972762401,0.11224489795918367,0
v261,douyin,7582431413513751859,https://www.douyin.com/video/7582431413513751859,国+社区,中国政法大学教授罗翔：吸毒是否入刑需要具体问题具体分析。（人民法院报）,11264,20792000,2025-12-10T19:06:34+00:00,9,Informational,0.666667,Informational,high,9,3,0.33255559313127175,0.3333333333333333,1
v262,douyin,7580562991590935849,https://www.douyin.com/video/7580562991590935849,星话大白,我国是如何严格管理吸毒人员？长期持续，未来不会放松#吸毒人员  #中国  #戒毒所  #理性看世界  #硬核深度计划,164425,674000,2025-12-05T18:16:14+00:00,1348,Mitigating,0.779727,Informational,high,1348,166,0.12301871659095902,0.12314540059347182,0
v263,douyin,7582554642345758001,https://www.douyin.com/video/7582554642345758001,三甲皮肤科伍医生,你知道吸毒会经历哪几个阶段吗？ #科普 #珍爱生命 #禁毒 #涨知识,359639,188000,2025-12-11T03:04:54+00:00,4134,Intensifying,0.540741,Intensifying,medium,4134,480,0.11789741341429542,0.11611030478955008,0
v264,douyin,7582453171918867762,https://www.douyin.com/video/7582453171918867762,爱济南新闻客户端,罗翔：吸毒是否入刑，需要具体问题具体分析 #罗翔 #禁毒  #刑法 #热门 #法律,2188,1356000,2025-12-10T20:31:06+00:00,28,Mitigating,0.7,Informational,high,28,4,0.14355188331111485,0.14285714285714285,0
v265,douyin,7584385060449537317,https://www.douyin.com/video/7584385060449537317,法眼观察—谢律师,吸毒该不该入刑？#远离毒品 #法律常识 #法律咨询#老百姓关心的话题 #法律,177,96000,2025-12-16T01:27:49+00:00,13,Intensifying,0.37037,Intensifying,high,13,0,0.00030075014700951916,0.0,0
v266,douyin,7591704132223449582,https://www.douyin.com/video/7591704132223449582,昌吉日报,案底封存不等于消失！#普法#新治安管理处罚法 #松哥说法 #案底封存 #普法 #热雪沸腾暖游昌吉,135,886000,2026-01-05T17:00:00+00:00,18,Informational,0.505155,Mitigating,high,18,3,0.18894814680445254,0.16666666666666666,0
v267,douyin,7584265167866318122,https://www.douyin.com/video/7584265167866318122,齐律师,#治安管理处罚法 #法律法规 #普法宣传 #涉毒  种罂粟/容人吸毒｜拘留+重罚！（聚焦第83/85条）不容忽视 制毒原料/隐形涉毒｜别踩这些坑！（聚焦第85/86条）认知盲区,14287,829,2025-12-15T17:43:00+00:00,661,Mitigating,1.0,Informational,high,661,111,0.1664212478659553,0.16792738275340394,0
v268,douyin,7581520634258132234,https://www.douyin.com/video/7581520634258132234,肖律梵语,禁毒，与你我同行#禁毒 #禁毒宣传 #治安管理处罚法 #法律咨询 #公益普法,4376,13000,2025-12-08T15:15:00+00:00,590,Mitigating,1.0,Informational,high,590,50,0.085448061344437,0.0847457627118644,0
v269,douyin,7600728991344343798,https://www.douyin.com/video/7600728991344343798,大风新闻,短剧男顶流被举报多次涉毒，晒无犯罪记录，却被指是无效自证 #何健麒 #短剧 #娱乐圈 #实名举报 #吸毒记录封存,383,3525000,2026-01-29T02:30:24+00:00,50,Informational,0.834783,Informational,medium,50,4,0.07877997499221237,0.08,0
v270,douyin,7580602038195621154,https://www.douyin.com/video/7580602038195621154,974交通广播,第85-87条为何引发关注 #宪法 #禁毒 #2026治安法新规 #84–87条,106702,273000,2025-12-05T20:47:42+00:00,150,Mitigating,0.941176,Informational,high,150,22,0.15048691732804098,0.14666666666666667,0
v271,douyin,7582456174914571530,https://www.douyin.com/video/7582456174914571530,上观新闻,罗翔谈吸毒是否入刑：严厉打击毒品犯罪是我们基本的刑事政策，但这并不意味着要搞简单的“一刀切”。法律人必须戒除对重刑主义的成瘾性依赖。#禁毒  #严厉打击毒品犯罪  #刑法  #罗翔,889,8632000,2025-12-10T20:42:43+00:00,100,Informational,0.769231,Mitigating,high,100,12,0.1204289190464624,0.12,0
v272,douyin,7582601870625082682,https://www.douyin.com/video/7582601870625082682,铜鼓发布,罗翔撰写署名文章《吸毒是否入刑需要具体问题具体分析》#禁毒 #法律 #严厉打击违法犯罪 @抖音小助手 @DOU+上热门,3110,104000,2025-12-11T15:00:00+00:00,200,Mitigating,1.0,Informational,high,200,22,0.11057925378932851,0.11,0
v273,douyin,7582461349234543872,https://www.douyin.com/video/7582461349234543872,越城融媒,吸毒该不该入刑？罗翔：具体问题具体分析 法律是平衡的艺术#入刑 #吸毒记录封存政策 #法律,1675,405000,2025-12-10T21:02:59+00:00,198,Informational,0.5,Informational,high,198,20,0.10148175533950879,0.10101010101010101,0
v274,douyin,7587627792833973539,https://www.douyin.com/video/7587627792833973539,安徽视讯,2026年1月1日起，吸毒人员至少半年内不得进入娱乐场所#2026年1月1日 #2026年1月1日实施的新规 #新治安管理处罚法 #吸毒人员半年内不得进入娱乐场所 （编辑：方方）,91,8790000,2025-12-24T19:11:21+00:00,10,Informational,0.888889,Informational,high,10,1,0.1001600419440365,0.1,0
v275,douyin,7582496539587693824,https://www.douyin.com/video/7582496539587693824,第一现场,"罗翔教授深度解析：""吸毒入刑""争议背后，法律的天平该如何平衡？#罗翔  #吸毒该不该入刑 #媒体精选计划",2011,7620000,2025-12-10T23:19:21+00:00,250,Informational,1.0,Informational,high,250,51,0.2039170704858843,0.204,0
v276,douyin,7580989976244272633,https://www.douyin.com/video/7580989976244272633,张华律师,为什么单纯的吸毒不构成犯罪？ 为什么单纯的吸毒不构成犯罪？#刑事律师 #治安管理处罚法 #西安律师,62,8681,2025-12-06T21:53:00+00:00,36,Informational,1.0,Mitigating,high,36,2,0.05676344431534138,0.05555555555555555,0
v277,douyin,7582520167948307753,https://www.douyin.com/video/7582520167948307753,破事好说（奔跑的王律）,罗翔老师关于吸毒是否入刑的文章，最后一段最后一句，表明了他的观点与态度，这也是最高院的观点与态度。#最新消息 #刑法 #罗翔,348,806,2025-12-11T00:51:15+00:00,100,Mitigating,1.0,Informational,high,100,15,0.1509852627851069,0.15,0
v278,douyin,7582619463108103461,https://www.douyin.com/video/7582619463108103461,广西新闻频道,罗翔：吸毒是否入刑需要具体问题具体分析,1595,2361000,2025-12-11T07:16:36+00:00,67,Informational,0.753247,Informational,high,67,12,0.16701741649110283,0.1791044776119403,0
v279,douyin,7582435913196784959,https://www.douyin.com/video/7582435913196784959,青蜂侠,"罗翔：吸毒是否入刑,需要具体问题具体分析",650,8645000,2025-12-10T19:24:08+00:00,3,Informational,1.0,Informational,high,3,0,0.0001922681840369478,0.0,0
v280,douyin,7582551274508733753,https://www.douyin.com/video/7582551274508733753,奔腾融媒,吸毒是否入刑？罗翔发声 《人民法院报》发文：具体问题具体分析 应警惕对严刑重罚的惯性依赖 法律是对人最低的道德要求#罗翔 #吸毒检测,117,2135000,2025-12-11T02:51:48+00:00,5,Informational,0.444444,Informational,high,5,0,0.0018364889605436475,0.0,0
v281,douyin,7582497306264603954,https://www.douyin.com/video/7582497306264603954,河北经视,罗翔：吸毒是否入刑需要具体问题具体分析#禁毒,3681,2504000,2025-12-10T23:22:17+00:00,436,Mitigating,1.0,Informational,high,436,80,0.1838909987534595,0.1834862385321101,0
v282,douyin,7582489269097270570,https://www.douyin.com/video/7582489269097270570,公关世界杂志社记者编辑部,罗翔撰文谈吸毒入刑问题。#罗翔 #吸毒 #毒品,668,70000,2025-12-10T22:51:08+00:00,50,Informational,0.692308,Informational,high,50,21,0.41983557352097706,0.42,1
v283,douyin,7582949187664170298,https://www.douyin.com/video/7582949187664170298,公关世界杂志社记者编辑部,"吸毒是否入刑? 罗翔在人民法院报撰文：需要具体问题具体分析，当救命""氯巴占""成为法律上的""毒品""，法治还需于理性中守护不可或缺的人性温暖!（来源：大众日报） #吸毒 #罗翔 #氯巴占",193,70000,2025-12-12T04:35:51+00:00,12,Mitigating,0.566265,Informational,medium,12,0,0.0005447211406135466,0.0,0
v284,douyin,7582513109861698825,https://www.douyin.com/video/7582513109861698825,天眼·i贵州,今天出版的《人民法院报》刊登了中国政法大学刑事司法学院教授、博士生导师、刑法学研究所所长罗翔的一篇文章，罗翔认为，吸毒是否入刑需要具体问题具体分析。#贵州 #i贵州 #罗翔,127,116000,2025-12-11T00:23:57+00:00,5,Mitigating,0.526316,Informational,high,5,1,0.20022431916731875,0.2,0
v285,douyin,7582446366257876287,https://www.douyin.com/video/7582446366257876287,西安广播电视台,罗翔发文：吸毒是否入刑需要具体问题具体分析 #罗翔  #吸毒检测 #入刑 #你好我的城,94,1788000,2025-12-10T20:04:38+00:00,22,Informational,0.625,Informational,high,22,5,0.22785742871499018,0.22727272727272727,0
v286,douyin,7581688461669715240,https://www.douyin.com/video/7581688461669715240,成都律师王大状,吸食毒品后会面临怎样的处罚？ 吸食毒品后会面临怎样的处罚？尤其是对于小剂量和大剂量吸食在流程上的差异有何不同？今天王律师就结合《刑法》《禁毒法》《治安管理处罚法》《戒毒条例》这四部核心法律法规，从实务角度为大家详细拆解两类情形的完整处理流程，既讲清法言法语背后的规则，也点明实务中的关键节点。#吸毒检测 #法律知识分享 #抖来普法2025 #禁毒#戒毒,68,168000,2025-12-08T19:03:31+00:00,3,Informational,0.769231,Mitigating,high,3,0,0.0002044858216928939,0.0,0
v287,douyin,7589513655771945829,https://www.douyin.com/video/7589513655771945829,上海刑事律师肖宇,发图毁一时，吸毒毁一世。任何情况下，都不要去尝试违法行为，后果轻重都不是尝试的理由。 #治安管理处罚法 #表情包 #福利图 #微信群聊 #涉毒必抓,170,608,2025-12-29T21:09:15+00:00,8,Informational,0.621622,Intensifying,high,8,2,0.25019780668208114,0.25,0
v288,douyin,7598456683581514715,https://www.douyin.com/video/7598456683581514715,保定张彪律师,吸毒到底该不该入刑 #保定律师 #保定张彪律师 #法律咨询,56,1617,2026-01-22T23:32:43+00:00,5,Mitigating,1.0,Intensifying,high,5,0,0.00042866876028710974,0.0,0
v289,douyin,7580932671322141928,https://www.douyin.com/video/7580932671322141928,黄庆良律师,别抱怨新治安管理处罚法第85-86条新增内容了！中国是全球毒品管理最严格的国家，没有之一！这份“最严”，藏在各大法律法规里。#热点 #万能的抖音 #普及知识 #强烈推荐,980,418,2025-12-06T18:10:39+00:00,100,Mitigating,0.931034,Mitigating,high,100,13,0.13110687383887126,0.13,0
v290,douyin,7587312861483978011,https://www.douyin.com/video/7587312861483978011,搜狐新闻客户端,吸毒人员半年内禁入KTV!2026新规!违反直接拘留 #吸毒记录封存政策 #ktv,144,553000,2025-12-23T22:49:08+00:00,29,Informational,0.909091,Intensifying,medium,29,1,0.03500399139513069,0.034482758620689655,0
v291,douyin,7590333111217429349,https://www.douyin.com/video/7590333111217429349,迪迪律师·迪律热巴菲特☀️,违法记录封存不是消灭，过罚相当，法治进步 #治安管理处罚法 #违法记录封存,10258,992000,2026-01-01T02:09:07+00:00,2856,Informational,1.0,Mitigating,high,2856,131,0.04679104399788319,0.04586834733893557,0
v292,douyin,7587292719370849571,https://www.douyin.com/video/7587292719370849571,央视网,封存不是消除、删除！法工委有关负责人就治安违法记录封存作出了说明,8803,69869000,2025-12-23T21:31:13+00:00,33,Mitigating,1.0,Mitigating,high,33,1,0.030657009940169344,0.030303030303030304,0
v293,douyin,7578747023021673728,https://www.douyin.com/video/7578747023021673728,南昌晚报,11月30日 据央视新闻，央视解读“治安违法记录封存”，专家：立法本身并没有纵容吸毒者的意思，并没有建立前科消除这样的制度。,2604,4243000,2025-11-30T20:49:14+00:00,49,Informational,0.740741,Mitigating,high,49,10,0.2078516030610166,0.20408163265306123,0
v294,douyin,7588802262715487653,https://www.douyin.com/video/7588802262715487653,辽阳刑事解律师,嫖娼记录封存，从2026年1月1日起，封存并不是不处罚，被抓依旧会拘留罚款。 #普法宣传 #辽阳解律师#辽阳刑事解律师,1357,6628,2025-12-27T23:08:36+00:00,199,Informational,1.0,Mitigating,high,199,7,0.03564845272629456,0.035175879396984924,0
v295,douyin,7580768905103248666,https://www.douyin.com/video/7580768905103248666,逆行小健,中国是如何持续严格管理吸毒者的 #吸毒人员  #中国  #戒毒所  #理性看世界  #硬核深度计划,24740,106000,2025-12-06T07:35:26+00:00,296,Informational,0.652174,Informational,high,296,26,0.08824769516267889,0.08783783783783784,0
v296,douyin,7579530091328212258,https://www.douyin.com/video/7579530091328212258,974交通广播,第一百三十六条到底规定了啥 #宪法  #2026治安法新规 #禁毒宣传,7306,273000,2025-12-02T23:27:59+00:00,50,Mitigating,1.0,Mitigating,high,50,6,0.12016023009622585,0.12,0
v297,douyin,7581765836478631222,https://www.douyin.com/video/7581765836478631222,北京刑事律师郝维,2026年1月1日起，治安违法记录要正式封存了 #治安管理处罚法 #封存 #刑事律师,5672,1129,2025-12-09T02:05:00+00:00,291,Mitigating,1.0,Mitigating,high,291,20,0.0693749723690904,0.06872852233676977,0
v298,douyin,7579157354327903514,https://www.douyin.com/video/7579157354327903514,佛山新闻,“一朝犯错，因扰终身”?违反治安管理记录将封存。(编辑：林晓华；责编：唐欣瑜；素材来源：央视新闻、小央视频）#违反治安管理,2800,698000,2025-12-01T23:21:30+00:00,34,Intensifying,0.444444,Informational,high,34,5,0.15334328565222677,0.14705882352941177,0
v299,douyin,7588523048656108794,https://www.douyin.com/video/7588523048656108794,大风新闻,涉毒网红拿“隐私”挡箭？网友怒斥：流量不是遮羞布 #吸毒 #缉毒 #网红,531,3525000,2025-12-27T05:05:08+00:00,49,Intensifying,0.40625,Intensifying,high,49,8,0.170703773393013,0.16326530612244897,0
v300,douyin,7578454985098487985,https://www.douyin.com/video/7578454985098487985,安宁律师,#重庆安宁律师 #治安管理处罚法 #拘留,5474,352000,2025-11-30T01:55:57+00:00,249,Informational,1.0,Informational,high,249,12,0.04923809556346377,0.04819277108433735,0
v301,douyin,7582401604687547705,https://www.douyin.com/video/7582401604687547705,索亚光 刑事律师,行政违法记录开始封存。#新治安管理处罚法 #封存 #刑事辩护律师 #刑事律师索亚光 #郑州刑事律师,546,155000,2025-12-10T20:02:00+00:00,50,Informational,0.843931,Mitigating,high,50,3,0.06041386189986952,0.06,0
v302,douyin,7583276614109334843,https://www.douyin.com/video/7583276614109334843,南昌朱律师,2026年起，封存制度开始实施，喜欢嫖娼的朋友要当心！#PC #法律咨询#封存 #2026 #律师,1008,25000,2025-12-13T01:46:35+00:00,35,Informational,0.953125,Mitigating,medium,35,2,0.057301845543302726,0.05714285714285714,0
v303,douyin,7579885216124297201,https://www.douyin.com/video/7579885216124297201,长沙张小霞律师,嫖娼记录将封存了#嫖娼处罚,1698,10000,2025-12-03T22:26:00+00:00,99,Informational,1.0,Mitigating,high,99,3,0.03143571304238808,0.030303030303030304,0
v304,douyin,7590659167205398628,https://www.douyin.com/video/7590659167205398628,律师老胡,远离☠️，人人有责#禁毒,47918,24000,2026-01-01T23:14:20+00:00,3602,Informational,1.0,Informational,high,3602,618,0.17168862562134385,0.17157134925041642,0
v305,douyin,7587430665516256531,https://www.douyin.com/video/7587430665516256531,田律师（律政猛佳人）,官方回应记录封存说了些啥？ #记录封存,3849,14000,2025-12-24T06:27:12+00:00,335,Informational,0.897436,Informational,medium,335,45,0.13536650838868808,0.13432835820895522,0
v306,douyin,7589843639363243264,https://www.douyin.com/video/7589843639363243264,深圳迟律师,2026年“吸毒记录封存”新规解读，祝大家元旦快乐！ #吸毒记录封存政策 #轻罪封存 #元旦快乐,3772,1373,2025-12-31T17:30:00+00:00,200,Informational,1.0,Mitigating,high,200,19,0.09476139548442006,0.095,0
v307,douyin,7583526622834576699,https://www.douyin.com/video/7583526622834576699,宁波刑事律师王天,#吸毒档案可以洗白白？#吸毒档案封存。。。 #宁波律师王天 #法律咨询 #普法,88,840,2025-12-13T17:56:49+00:00,18,Informational,0.554348,Mitigating,high,18,6,0.3323558421575904,0.3333333333333333,1
v308,douyin,7578516655072988425,https://www.douyin.com/video/7578516655072988425,网信裕华,治安违法记录封存不是“删除记录”,406,3161000,2025-11-30T15:24:00+00:00,50,Mitigating,0.642105,Mitigating,high,50,10,0.2000838665678748,0.2,0
v309,douyin,7587729113041882406,https://www.douyin.com/video/7587729113041882406,河北经视,禁毒工作没有任何松懈，国家依照刑法惩治毒品犯罪。#禁毒 #禁毒宣传,53682,2504000,2025-12-25T14:00:00+00:00,1514,Mitigating,1.0,Intensifying,high,1514,64,0.042033873359016774,0.04227212681638045,0
v310,douyin,7580202246392318377,https://www.douyin.com/video/7580202246392318377,泽谊律所—刘主任,法律应该代表、维护大多数人的利益 #治安管理处罚法 #吸毒 #封存 #专业律师 #法律知识,7257,610,2025-12-04T18:56:17+00:00,250,Informational,0.96,Intensifying,high,250,42,0.1680487625158712,0.168,0
v311,douyin,7579598110798058993,https://www.douyin.com/video/7579598110798058993,李国枫律师,嫖娼违法记录封存制度 #抖来普法2025 #法律科普 #违法记录 #律师普法 #粤语,5392,32000,2025-12-03T03:51:50+00:00,942,Mitigating,0.65625,Mitigating,high,942,32,0.03382333098810059,0.03397027600849257,0
v312,douyin,7587306148445834542,https://www.douyin.com/video/7587306148445834542,今日关注,关于“ 治安违法记录封存的含义”，全国人大法工委最新回应。,1280,22738000,2025-12-23T22:23:02+00:00,50,Mitigating,1.0,Mitigating,high,50,0,0.0005345283818314784,0.0,0
v313,douyin,7587366673099869491,https://www.douyin.com/video/7587366673099869491,河北经视,禁毒工作 没有任何松懈！我国是世界上对毒品犯罪惩治最严厉的国家之一#禁毒 #禁毒宣传,16274,2504000,2025-12-24T14:00:00+00:00,350,Mitigating,1.0,Intensifying,high,350,27,0.07732807243183613,0.07714285714285714,0
v314,douyin,7587325273176100139,https://www.douyin.com/video/7587325273176100139,杭州网,封存≠纵容！#治安管理处罚法 136条权威速解 #违法记录封存新规  #2026新法速递  #法治权威解读  #禁毒力度不松懈,2116,8246000,2025-12-23T23:37:24+00:00,34,Mitigating,0.761905,Mitigating,high,34,1,0.02969403679836593,0.029411764705882353,0
v315,douyin,7580713096567959178,https://www.douyin.com/video/7580713096567959178,长沙刑事刘丽莎律师（全国办案）,我国对吸毒人员的管控力度到底有多大 #禁毒 #禁毒宣传 #禁毒你我同行 #法律 #禁毒科普,7028,611000,2025-12-06T03:58:32+00:00,370,Informational,0.924242,Mitigating,high,370,68,0.18361337697180619,0.1837837837837838,0
v316,douyin,7578760222710227301,https://www.douyin.com/video/7578760222710227301,中国白杏之乡,2026年新规吸毒记录可以封存 律师解读：封存不意味 彻底清除，特定情况下可查询 #治安管理处罚法 #吸毒记录封存犯罪记录不会封存,2055,31000,2025-11-30T21:40:26+00:00,39,Mitigating,1.0,Mitigating,high,39,6,0.1546069709587848,0.15384615384615385,0
v317,douyin,7578804837505043753,https://www.douyin.com/video/7578804837505043753,每日说法,封存不等于删除，吸毒、酒驾、嫖娼等违反治安管理记录将被封存，2026年起吸毒记录可封存，保密不是无罪!缉毒警察冲锋让社会免受毒害 封存是为倡导轻微违法者改过自新 #吸毒  #禁毒  #违反治安管理处罚法  #吸毒记录可封存,1111,101000,2025-12-01T00:33:33+00:00,100,Mitigating,0.983871,Mitigating,high,100,8,0.07989109187677969,0.08,0
v318,douyin,7587459508835695611,https://www.douyin.com/video/7587459508835695611,白城杨律师,#吸毒记录封存政策  #禁毒普法 #治安管理处罚法 #白城杨律师  法律面前人人平等，立法工作不受任何特殊利益群体、组织或者个人的不当影响。,653,2853,2025-12-24T08:18:26+00:00,99,Informational,0.772152,Mitigating,high,99,19,0.19443732111547507,0.1919191919191919,0
v319,douyin,7589513737041028731,https://www.douyin.com/video/7589513737041028731,云南刑事律师郝一达（全国办案）,吸毒为什么不入刑？记录封存在保护谁？#云南刑事律师郝一达#抖来普法2025#深度理性计划#吸毒记录封存政策#治安管理处罚法,6439,18000,2025-12-29T21:09:34+00:00,736,Informational,0.980392,Mitigating,high,736,126,0.1707502483479412,0.17119565217391305,0
v320,douyin,7578707238953553162,https://www.douyin.com/video/7578707238953553162,新快报,记录封存并不是“隐身”，招聘可以依法查询吸毒记录。走私、贩毒构成犯罪，不适用于封存规则。#记录封存,396,603000,2025-11-30T18:14:52+00:00,99,Intensifying,0.583333,Mitigating,high,99,13,0.12638137983506595,0.13131313131313133,0
v321,douyin,7584634587393887528,https://www.douyin.com/video/7584634587393887528,许昌融媒,（许君以法）治安违法记录封存了？一次给你说清 #普法,266,78000,2025-12-17T17:35:00+00:00,35,Mitigating,0.581395,Mitigating,high,35,4,0.11464866643946152,0.11428571428571428,0
v322,douyin,7588445164343987508,https://www.douyin.com/video/7588445164343987508,雷声道,【雷声道】《半月谈》谈违法记录封存！ #半月谈 #违法记录封存,11175,12000,2025-12-27T00:03:05+00:00,475,Informational,0.908257,Informational,medium,475,79,0.17039884435356822,0.16631578947368422,0
v323,douyin,7582169778590567743,https://www.douyin.com/video/7582169778590567743,唐山王永佳律师,吸D、嫖C等违反治安管理记录封存 封存不等于删除！#吸毒记录封存政策 #违反治安管理记录封存 #法律科普 #刑事辩护 #唐山王永佳律师,117,26000,2025-12-10T02:11:36+00:00,5,Informational,0.6,Mitigating,high,5,0,0.0005910657229833305,0.0,0
v324,douyin,7580694855714737434,https://www.douyin.com/video/7580694855714737434,是苗律师啊～,"吸毒人员管理，大数据如何实现""无感化""动态监管 #法律咨询 #抖来普法2025 #禁毒",5488,14000,2025-12-06T02:47:55+00:00,172,Informational,1.0,Mitigating,high,172,35,0.20374848045475816,0.20348837209302326,0
v325,douyin,7590316352112856497,https://www.douyin.com/video/7590316352112856497,大泽律师 | 黑龙江,从今天起，包括嫖娼在内的治安违法记录将被封存，但特殊情况下仍能查询到，请大家洁身自好远离违法行为#律师#法律#普法#治安管理处罚法 #违法记录封存,92,5477,2026-01-01T01:04:05+00:00,18,Mitigating,0.95082,Mitigating,high,18,2,0.11124986023464266,0.1111111111111111,0
v326,douyin,7582099610816056625,https://www.douyin.com/video/7582099610816056625,徐慧心律师｜河南,违法记录封存是好是坏？影响考公吗？ #万万没想到 #禁毒宣传 #违法记录影响政审吗 #郑州律师 #刑事律师徐慧心,806,152000,2025-12-09T21:38:59+00:00,54,Informational,1.0,Mitigating,high,54,2,0.03743012245562299,0.037037037037037035,0
v327,douyin,7584739211007331633,https://www.douyin.com/video/7584739211007331633,长沙陈平律师（专注涉黄涉性案件）,嫖娼记录虽然封存，但是下面三种情况依然有影响！#违法记录封存 #长沙陈平律师,467,25000,2025-12-17T00:22:22+00:00,23,Informational,0.960784,Mitigating,high,23,0,0.0008395115817066929,0.0,0
v328,douyin,7586601115895876873,https://www.douyin.com/video/7586601115895876873,城关警事,#治安管理处罚法#治安违法记录封存制度#普法#平安守护 #治安管理处罚法,342,50000,2025-12-22T00:47:28+00:00,33,Mitigating,0.97619,Mitigating,high,33,0,0.0009395430251694934,0.0,0
v329,douyin,7587412301385436468,https://www.douyin.com/video/7587412301385436468,930老友记,#治安违法记录封存 #吸毒记录封存政策 恶意曲解“治安违法记录封存”法条、故意带偏节奏、煽动负面情绪……100余个微博账号被禁言、关闭,2532,1914000,2025-12-24T05:15:26+00:00,277,Mitigating,1.0,Mitigating,medium,277,23,0.08307145976061214,0.08303249097472924,0
v330,douyin,7580930598986911011,https://www.douyin.com/video/7580930598986911011,西部法治报,“吸毒记录等将被封存”引热议！律师解读,6713,75000,2025-12-06T18:02:43+00:00,82,Mitigating,0.638158,Mitigating,high,82,8,0.09662896761646396,0.0975609756097561,0
v331,douyin,7578710644804333715,https://www.douyin.com/video/7578710644804333715,人民网江苏,法学专家解释：吸毒记录被封存≠风险隐身，治安违法记录封存不是“删除记录” #吸毒记录封存 #南通文旅 #禁毒不松懈,3135,1486000,2025-11-30T18:28:06+00:00,8,Mitigating,1.0,Mitigating,high,8,2,0.24962078852877312,0.25,0
v332,douyin,7579937750561139387,https://www.douyin.com/video/7579937750561139387,第一财经,“吸毒记录封存”是不是在变相纵容吸毒者？违法者再次违法时，记录仍需封存吗？调查显示：25.8%吸毒者因为社会不接纳，而选择复吸,2193,11532000,2025-12-04T01:49:49+00:00,383,Informational,0.895522,Mitigating,medium,383,63,0.16812832686156967,0.16449086161879894,0
v333,douyin,7592185384026611835,https://www.douyin.com/video/7592185384026611835,深圳刑事律师刘运发,嫖娼吸毒记录封存，是给机会还是钻空子？#抖来普法2026 #深圳刑事律师刘运发,1105,11000,2026-01-06T01:56:50+00:00,43,Mitigating,0.658537,Mitigating,high,43,3,0.07367548907698852,0.06976744186046512,0
v334,douyin,7580342351139954917,https://www.douyin.com/video/7580342351139954917,奔腾融媒,吸毒记录封存：公众的忧虑必须被听见警惕“封存”异化为“纵容” “零容忍”底线不容丝毫松动,17506,2135000,2025-12-05T03:59:53+00:00,752,Informational,0.614035,Intensifying,high,752,155,0.20514748646397454,0.20611702127659576,0
v335,douyin,7582307398363188532,https://www.douyin.com/video/7582307398363188532,天斗律师梁宏刚,治安违法记录封存，是宽容还是纵容？ #抖来普法2025 #治安管理处罚法,42,22000,2025-12-13T13:05:00+00:00,8,Informational,0.727891,Mitigating,high,8,2,0.25162160432773817,0.25,0
v336,douyin,7579577598708528058,https://www.douyin.com/video/7579577598708528058,长治普法,“吸毒记录等将被封存”引热议 专家解读 #法律 #毒,455,13000,2025-12-03T02:32:16+00:00,28,Mitigating,0.738235,Mitigating,high,28,4,0.12938542453853838,0.14285714285714285,0
v337,douyin,7587379665174580490,https://www.douyin.com/video/7587379665174580490,河北经视,“吸毒记录封存”等问题官方回应，封存不是消除、删除记录，我国依然是世界上对毒品犯罪惩治最严厉的国家之一！ #经视主播说  #吸毒记录封存官方回应  #禁毒,1179,2504000,2025-12-24T03:08:26+00:00,20,Mitigating,1.0,Mitigating,high,20,0,0.000560666861201753,0.0,0
v338,douyin,7594840358213039985,https://www.douyin.com/video/7594840358213039985,南京许斌律师,嫖娼违法记录会自动封存，不用单独申请！但这绝不是为违法开绿灯！#违法记录封存 #新治安管理处罚法#劣迹,46,2943,2026-01-14T01:20:00+00:00,9,Informational,1.0,Mitigating,high,9,0,0.00048032229986145266,0.0,0
v339,douyin,7580597514961784064,https://www.douyin.com/video/7580597514961784064,铜鼓发布,“吸毒记录封存”之忧要被听见，群众的不满从不是空穴来风。 #禁毒 #严厉打击违法犯罪 #禁毒你我同行 #浙江 @抖音小助手 @DOU+上热门,19175,104000,2025-12-06T01:30:00+00:00,65,Intensifying,0.545455,Intensifying,high,65,4,0.061722508813545574,0.06153846153846154,0
v340,douyin,7579955031928549297,https://www.douyin.com/video/7579955031928549297,焦作广播电视台,浙江宣传发表评论，“吸毒记录封存”之忧要被听见#吸毒记录封存@大象新闻 责编：贾雪玲 焦作广电全媒体记者 闫鹏 白红刚 管玉娟编辑报道,54142,1023000,2025-12-04T02:56:52+00:00,1903,Informational,0.574468,Informational,high,1903,281,0.14780148526103679,0.14766158696794535,0
v341,douyin,7578795479123627302,https://www.douyin.com/video/7578795479123627302,快资讯,吸毒记录封存，为“少爷”开绿灯？专家解读#治安管理处罚法 #记录封存 #少爷 #开绿灯 #专家解读,1119,64000,2025-11-30T23:57:14+00:00,107,Mitigating,0.545455,Mitigating,high,107,8,0.075543000099723,0.07476635514018691,0
v342,douyin,7578777011208867124,https://www.douyin.com/video/7578777011208867124,郑州广播电视台,“吸毒记录等将被封存”引热议，专家解读：封存记录并不意味着保护某些特定人群，而是对所有人的同等保护。（来源：人民日报、央视新闻等）（编辑：刘娟  审核：杨琼  统筹：瑞丽）,3821,54000,2025-11-30T22:45:36+00:00,50,Intensifying,0.6,Mitigating,high,50,7,0.14003547813466866,0.14,0
v343,douyin,7578784902280236334,https://www.douyin.com/video/7578784902280236334,中国报道,近日，“治安违法记录封存制度”引发广泛关注。其中，因吸毒而产生的治安处罚记录也在封存范围内引发热议。围绕这热点问题，专家进行了解读。#治安违法记录封存 #记录封存,752,140000,2025-11-30T23:16:11+00:00,148,Mitigating,0.8,Mitigating,high,148,23,0.15575854340204387,0.1554054054054054,0
v344,douyin,7579485527901080866,https://www.douyin.com/video/7579485527901080866,江北融媒,浙江宣传发文：“吸毒记录封存”之忧要被听见#禁毒宣传,15531,968000,2025-12-02T20:35:02+00:00,200,Intensifying,0.666667,Intensifying,medium,200,3,0.017312981582253997,0.015,0
v345,douyin,7598725964784408037,https://www.douyin.com/video/7598725964784408037,超头条,吸毒违法记录封存≠吸毒违法记录消除，打击毒品的重点在“前端”。#超头条 #吸毒记录封存,60,68000,2026-01-23T16:57:42+00:00,50,Informational,1.0,Mitigating,high,50,4,0.08425784001054126,0.08,0
v346,douyin,7580318479719435571,https://www.douyin.com/video/7580318479719435571,陕西网,不当关联“虎门销烟”等历史事件，借新规攻击禁毒政策，相关恶意言论微博账号被禁言#治安违法记录封存制度 #吸毒记录封存,2960,607000,2025-12-05T02:27:14+00:00,100,Informational,0.754717,Mitigating,high,100,13,0.13037068299323437,0.13,0
v347,douyin,7591144511977567067,https://www.douyin.com/video/7591144511977567067,赵耀南律师,新《治安管理处罚法》当中“违法记录封存制度”的解析#违法记录封存制度 #治安管理处罚法 #过好当下珍惜现在,12,4315,2026-01-03T06:37:45+00:00,2,Informational,0.514151,Mitigating,high,2,0,0.00018514686962589622,0.0,0
v348,douyin,7579167454891445523,https://www.douyin.com/video/7579167454891445523,极光新闻东北网,儿子吸毒所以呼吁“封存前科”？知名律师回应传言 #木子 #封存前科 #朱征夫 #极光主播说,3159,1587000,2025-12-02T00:00:44+00:00,147,Informational,1.0,Informational,high,147,22,0.15096130772268274,0.14965986394557823,0
v349,douyin,7577969184894668041,https://www.douyin.com/video/7577969184894668041,新快报,2026年新规，吸毒记录可以封存引热议。 律师：封存不意味着彻底清除，特定情况下可查询。,2613,603000,2025-11-28T18:30:48+00:00,50,Informational,0.545455,Mitigating,high,50,11,0.22003567176128855,0.22,0
v350,douyin,7579934539712105754,https://www.douyin.com/video/7579934539712105754,兴安融媒,"""吸毒记录封存”之忧要被听见，英雄以生命铸就的防线、 绝不容许丝毫侵蚀。 #禁毒",6727,17000,2025-12-04T01:37:21+00:00,100,Intensifying,0.947368,Intensifying,high,100,13,0.13045108855974832,0.13,0
v351,douyin,7580277800645430569,https://www.douyin.com/video/7580277800645430569,温岭火炬社志中心,火炬评论｜吸毒记录封存争议：法治沟通需要 “民心温度”,3577,16000,2025-12-04T23:49:26+00:00,100,Informational,0.634146,Mitigating,medium,100,29,0.2897995355120656,0.29,0
v352,douyin,7587290160727985460,https://www.douyin.com/video/7587290160727985460,第一财经,法工委回应“吸毒记录封存”问题，国家依法惩治和打击毒品犯罪的态度、措施和制度没有任何改变，立法工作不受任何特殊利益群体、组织或者个人的不当影响,1251,11532000,2025-12-23T21:21:04+00:00,10,Intensifying,0.5,Mitigating,high,10,0,0.000756194198038429,0.0,0
v353,douyin,7603288242830708593,https://www.douyin.com/video/7603288242830708593,老李的知识（咨询）,轻微记录封存新动态#每天跟我涨知识 #金融常识普及 #知识科普 #法律 #法律常识,97,127,2026-02-05T00:01:36+00:00,30,Mitigating,0.804124,Mitigating,high,30,0,0.0008184499298901452,0.0,0
v354,douyin,7580282567874596142,https://www.douyin.com/video/7580282567874596142,嗨砚山,怕的不是“记录”，是被“遗忘”~~~ #三生教育 #云南禁毒 #云南人 #违法记录封存 #遗忘,27652,183000,2025-12-05T02:30:01+00:00,150,Intensifying,0.625,Intensifying,high,150,17,0.11337135681751534,0.11333333333333333,0
v355,douyin,7578804002517055999,https://www.douyin.com/video/7578804002517055999,台州交通广播,幼师、网约车司机、保安等岗位，招聘可依法查询吸毒记录，吸毒是违法不是犯罪，治安违法记录封存≠删除记录,1155,1060000,2025-12-01T00:30:22+00:00,149,Informational,0.708333,Mitigating,high,149,32,0.21299276203490386,0.21476510067114093,0
v356,douyin,7583655114418769158,https://www.douyin.com/video/7583655114418769158,第1眼新闻,日前，沈阳警方摧毁横跨13省特大制造、运输、贩卖毒品及毒品替代品犯罪网络！127名涉案人员被抓捕归案，犯罪团伙成员多为涉毒前科人员，警方在行动中捣毁制毒工厂1处、毒品替代品加工及灌装窝点9处。#沈阳警方摧毁特大毒品犯罪网络,9605,8093000,2025-12-14T02:15:41+00:00,273,Mitigating,0.402778,Informational,high,273,25,0.09195781945471446,0.09157509157509157,0
v357,douyin,7579559881779318070,https://www.douyin.com/video/7579559881779318070,西安广播电视台,"2026年新规，吸毒记录可以封存,“吸毒记录之忧”要被听见 #浙江宣传 #半月谈 #吸毒 #法规 #你好我的城",8453,1788000,2025-12-03T01:23:36+00:00,100,Intensifying,0.785714,Informational,high,100,7,0.08052062642542296,0.07,0
v358,douyin,7587278007446834467,https://www.douyin.com/video/7587278007446834467,新闻深呼吸,关于“吸毒记录封存”等，全国人大常委会法工委最新回应,1081,2829000,2025-12-23T20:34:13+00:00,10,Mitigating,1.0,Mitigating,high,10,1,0.10011646515049506,0.1,0
v359,douyin,7587281095121505582,https://www.douyin.com/video/7587281095121505582,沈阳e工会,#官方正式回应“吸毒记录封存”  （编辑 董隽子 责编 王牡丹）,74,29000,2025-12-23T20:45:50+00:00,2,Mitigating,1.0,Mitigating,high,2,0,0.00025486624872428365,0.0,0
v360,douyin,7579819192120118591,https://www.douyin.com/video/7579819192120118591,甬工惠,浙江宣传：“吸毒记录封存”之犹要被听见#浙江 #禁毒  （来源：浙江之声）,2701,13000,2025-12-03T18:09:52+00:00,23,Intensifying,0.909091,Mitigating,medium,23,0,0.00097597788313262,0.0,0
v361,douyin,7582775839733959982,https://www.douyin.com/video/7582775839733959982,新闻说报,吸毒记录要封存 封存不等于删除 吸毒记录要封存 封存不等于删除,1010,259000,2025-12-11T17:23:10+00:00,100,Informational,0.511628,Mitigating,high,100,12,0.11964699387270229,0.12,0
v362,douyin,7587276754352656049,https://www.douyin.com/video/7587276754352656049,云南广播电视台,关于“吸毒记录封存”问题，全国人大常委会法工委回应,5986,3423000,2025-12-23T20:29:48+00:00,3,Mitigating,1.0,Mitigating,high,3,0,0.0001673505685175769,0.0,0
v363,douyin,7587857253522050414,https://www.douyin.com/video/7587857253522050414,杜律师讲法律,封存吸毒记录，不是开后门！ 全网炸锅！吸毒记录封存新规，到底是保护隐私还是纵容毒品？法工委4大核心回应直击要害，吸毒与贩毒天差地别，动态管控严到超乎想象！读懂法律真相，才懂何为真正的禁毒智慧！#抖来普法2025 #吸毒记录封存 #治安管理处罚法 #法工委回应 #禁毒,421,15000,2025-12-25T10:01:35+00:00,29,Informational,0.536329,Mitigating,high,29,8,0.2730335710351436,0.27586206896551724,0
v364,douyin,7579947492930882831,https://www.douyin.com/video/7579947492930882831,中国八卦城,浙江宣传发表评论文章：“吸毒记录封存”之忧要被听见 #吸毒记录封存  #浙江宣传  来源：新疆日报 （背景音乐如有侵权 请联系删除）,3932,559000,2025-12-04T02:27:45+00:00,99,Informational,0.571429,Intensifying,high,99,34,0.3398716091304768,0.3434343434343434,1
v365,douyin,7587257799085935931,https://www.douyin.com/video/7587257799085935931,德州刑事律师朱振阳,喜欢嫖娼的朋友要注意了。 2026年1月1日起，嫖娼记录封存，但封存不是不处罚！#嫖娼处罚#法律咨询#封存制度#德州律师#德州刑事律师朱振阳,225,6096,2025-12-23T19:15:45+00:00,20,Informational,0.818182,Mitigating,high,20,0,0.00038994699061731806,0.0,0
v366,douyin,7579185176312302898,https://www.douyin.com/video/7579185176312302898,看巴南,最近，“治安违法记录封存制度”引发热议，尤其是吸毒相关治安处罚记录也将封存的规定，一边是800万曾受治安处罚群体“卸下终身标签”的热切期盼，一边是公众“是否纵容违法”“是否开绿灯”的揪心担忧。这看似对立的两种声音背后，藏着怎样的法治考量？#治安违法记录将封存 #观点,228,192000,2025-12-02T01:09:28+00:00,19,Mitigating,0.672,Mitigating,high,19,0,0.000536175256696113,0.0,0
v367,douyin,7578508141563135333,https://www.douyin.com/video/7578508141563135333,爱璧山,吸毒记录封存不是“风险隐身” 刑事犯罪记录不适用封存。#禁毒 #缉毒警 #治安违法记录封存不是“删除记录” #治安违法记录封存不是,370,121000,2025-11-30T05:22:11+00:00,44,Intensifying,0.545455,Mitigating,high,44,9,0.21133060811668905,0.20454545454545456,0
v368,douyin,7579188836941532422,https://www.douyin.com/video/7579188836941532422,商丘广播电视台,2026 年 1 月 1 日起，新修订的《治安管理处罚法》将实施，吸毒等治安违法记录会被封存。封存不等于删除，记录仍留存公安系统，仅限制公开和常规查询，贩毒等犯罪记录不适用该规则。法律专家强调，教师、驾驶员等特定职业仍可依法查询，“无吸毒记录” 仍是重要准入门槛。#新规,853,576000,2025-12-02T01:23:44+00:00,5,Informational,0.519231,Mitigating,high,5,0,0.00019262166315456853,0.0,0
v369,douyin,7591095441456304547,https://www.douyin.com/video/7591095441456304547,宿迁仇律师,理解嫖娼记录封存制度#宿迁律师#宿迁仇律师#宿迁仇一博律师#宿迁最靠谱律师#宿迁去哪找律师,95,32000,2026-01-03T03:27:19+00:00,7,Informational,0.986301,Mitigating,high,7,0,0.0009770391916390508,0.0,0
v370,douyin,7587311136324750644,https://www.douyin.com/video/7587311136324750644,法治四川,法工委回应吸毒记录封存相关问题。#禁毒 #法治四川,744,744000,2025-12-23T22:42:33+00:00,18,Mitigating,1.0,Mitigating,high,18,0,0.0003444721482487188,0.0,0
v371,douyin,7618167190467379441,https://www.douyin.com/video/7618167190467379441,庭审计时,你知道我国惩治毒品犯罪有多严吗？#法律#真实案件#违法必究#普法小剧场#法治社会,109,162000,2026-03-17T02:19:31+00:00,8,Informational,0.839827,Informational,high,8,0,0.0003459822592049022,0.0,0
v372,douyin,7578696695760866560,https://www.douyin.com/video/7578696695760866560,北疆融媒,“吸毒记录等将被封存”引热议，专家：封存不等于删除，涉毒行为分“违法”与”犯罪”，幼师等岗位招聘可查询吸毒记录，不是为保护某些特定人群（来源：央视新闻）#社会 #关注,1222,45000,2025-11-30T17:34:00+00:00,100,Intensifying,0.428571,Mitigating,high,100,14,0.14032908955843595,0.14,0
v373,douyin,7580247552235195702,https://www.douyin.com/video/7580247552235195702,每日说法,一朝吸毒，终身戒毒，女记者亲身探访男戒毒所的一天，吸毒将被封存不再公开，引发社会热议，缉毒警察冲锋让社会免受毒害 封存是为倡导轻微违法者改过自新 #吸毒  #禁毒  #违反治安管理处罚法  #吸毒记录可封存  #一朝吸毒终身戒毒,2255,101000,2025-12-05T00:35:22+00:00,33,Informational,0.483582,Mitigating,medium,33,0,0.0018518964784699633,0.0,0
v374,douyin,7587383374538673467,https://www.douyin.com/video/7587383374538673467,四川法治报,吸毒记录封存≠为“少爷”开绿灯  全国人大常委会法工委今日回,446,54000,2025-12-24T03:22:45+00:00,50,Informational,1.0,Mitigating,high,50,5,0.10040785641700495,0.1,0
v375,douyin,7578832414114368777,https://www.douyin.com/video/7578832414114368777,热度新闻,专解读“吸毒记录被封存”：立法者眼中没有“少爷”，只有公民！ 中国政法大学刑事司法学院副教授陈碧表示，立法者眼中没有“少爷”，只有公民。法律的适用会给每一个犯错的人同样的机会。这是平等对待每一位公民。制度旨在平等对待每一位曾犯错的人，避免因一次违法导致终身受限,436,3078000,2025-12-01T02:20:36+00:00,6,Mitigating,0.82,Mitigating,high,6,0,0.0009483189763462482,0.0,0
v376,douyin,7578831726798820594,https://www.douyin.com/video/7578831726798820594,乌鲁木齐广播电视台Qinkoz,治安违法记录封存，不是“删除记录”。 #治安违法记录封存,324,853000,2025-12-01T02:17:56+00:00,11,Mitigating,0.508197,Mitigating,high,11,0,7.840563656910408e-05,0.0,0
v377,douyin,7579545593149759973,https://www.douyin.com/video/7579545593149759973,中原新闻网,“吸毒记录封存”之忧要被听见!#禁毒,878,3386000,2025-12-03T00:28:10+00:00,34,Intensifying,0.571429,Intensifying,medium,34,17,0.49878487765935836,0.5,1
v378,douyin,7587811224251895067,https://www.douyin.com/video/7587811224251895067,南方都市报,#南都快评 法工委回应吸毒记录封存，称得上一五一“实”#媒体精选计划,213,8227000,2025-12-25T07:03:01+00:00,33,Mitigating,0.732484,Mitigating,high,33,0,0.0004640862226193404,0.0,0
v379,douyin,7587655555414560006,https://www.douyin.com/video/7587655555414560006,小明观察,法工委回应新《治安管理处罚法》第136条，解释了吸毒记录封存 #吸毒记录封存政策 #热点新闻事件,367,14000,2025-12-24T20:59:07+00:00,50,Informational,0.958333,Mitigating,high,50,9,0.18002063892461592,0.18,0
v380,douyin,7579889574621596966,https://www.douyin.com/video/7579889574621596966,浙江老年报,浙江宣传发文《“吸毒记录封存”之忧要被听见》，再次引发网友热烈讨论。不能将公众的复杂情绪简单归结为“不懂法”“不理解法治进步”。#浙江 #禁毒,6747,268000,2025-12-03T22:42:55+00:00,50,Intensifying,0.545455,Mitigating,high,50,6,0.12043167172698305,0.12,0
v381,douyin,7599254227466121381,https://www.douyin.com/video/7599254227466121381,超头条,#吸毒行政违法记录封存 家长担忧影响青少年判断力。这份担忧有必要吗？#超头条,27,68000,2026-01-25T03:07:36+00:00,4,Mitigating,0.758242,Intensifying,high,4,2,0.4987056595382455,0.5,1
v382,douyin,7578485230319981988,https://www.douyin.com/video/7578485230319981988,茂名+,法学专家介绍：幼师等招聘可依法查询吸毒记录#禁毒 #缉毒,359,2441000,2025-11-30T03:53:18+00:00,41,Informational,0.555556,Mitigating,high,41,5,0.12228746475703679,0.12195121951219512,0
v383,douyin,7579908139978394914,https://www.douyin.com/video/7579908139978394914,钦州此刻,浙江宣传发文：“吸毒记录封存”引发网友热议，公众的一些核心关切，值得被关注和听见#缉毒 #禁毒 #致敬缉毒警察 #禁毒宣传 #云南,4927,145000,2025-12-03T23:54:59+00:00,150,Intensifying,0.717949,Intensifying,high,150,15,0.09979760536375883,0.1,0
v384,douyin,7582564961005030713,https://www.douyin.com/video/7582564961005030713,能能律师,嫖娼记录封存制度#刑事案件 #刑事律师 #知识分享 #法律咨询,306,1619,2025-12-11T03:44:48+00:00,50,Informational,0.75,Mitigating,high,50,2,0.04052606412675232,0.04,0
v385,douyin,7579268758406008100,https://www.douyin.com/video/7579268758406008100,苍梧晚报,朱征夫回应“儿子吸毒”传言 “假的 家人从未涉毒 已报警” 此前全国人大代表朱征夫多次呼吁建立轻罪前科记录封存制度 有网民质疑是为家人考虑#朱征夫  #社会百态 来源：津云,289,238000,2025-12-02T06:34:02+00:00,20,Mitigating,0.5,Intensifying,medium,20,0,0.0006932263982889708,0.0,0
v386,douyin,7578854731158785330,https://www.douyin.com/video/7578854731158785330,生活帮,近日，大量网传消息称“武大法学教授朱征夫，其子朱卓拉因涉嫌容留他人吸毒罪被刑事拘留。”12月1日，#朱征夫 回应“儿子涉毒”传闻：假的，已报警！家人从未涉毒，更没有受过刑事处罚。#抖音媒体辟谣团,6883,13472000,2025-12-01T03:47:22+00:00,21,Mitigating,1.0,Mitigating,high,21,2,0.09485830936353609,0.09523809523809523,0
v387,douyin,7587438834053926182,https://www.douyin.com/video/7587438834053926182,张振国律师,律师视角解读“吸毒记录封存”#吸毒记录 #吸毒记录封存政策 #人大法工委回应吸毒记录封存,73,44,2025-12-24T16:30:00+00:00,12,Mitigating,1.0,Mitigating,high,12,1,0.07897325992356248,0.08333333333333333,0
v388,douyin,7587390236662926644,https://www.douyin.com/video/7587390236662926644,武汉李根律师,吸毒记录封存，是否等同于“删除记录”？是否削弱禁毒力度？#吸毒记录封存政策 #dou来普法2025 @DOU+小助手,217,11000,2025-12-24T03:49:35+00:00,38,Mitigating,1.0,Mitigating,high,38,2,0.052991955054351,0.05263157894736842,0
v389,douyin,7587380964583525691,https://www.douyin.com/video/7587380964583525691,郑州刑事律师姜浩川,全国人大法工委正式回复涉毒记录封存，就这个机会谈谈我的几点想法#创作者中心 #创作灵感 #治安违法记录 #治安管理处罚法 #律师解读,2039,6577,2025-12-24T03:13:28+00:00,100,Informational,0.987805,Mitigating,medium,100,11,0.10957756958159734,0.11,0
v390,douyin,7579573591621045550,https://www.douyin.com/video/7579573591621045550,深圳刑事律师刘常莹,“张三封”的记录封存，不等于你可以风险隐身 #记录封存 #黄赌毒 #犯错的代价 #治安管理处罚法 #刘常莹律师,372,29000,2025-12-03T02:16:47+00:00,32,Informational,0.48913,Mitigating,high,32,10,0.31233534860120926,0.3125,1
v391,douyin,7579977291682368774,https://www.douyin.com/video/7579977291682368774,董卓焰刑事律师｜广州(前法官),吸某毒记录是否应当被封存？ #刑事案件 #违法记录封存#广州刑事律师#法律知识,379,872,2025-12-04T04:23:27+00:00,50,Informational,1.0,Informational,high,50,7,0.14033919431210962,0.14,0
v392,douyin,7588105528946019611,https://www.douyin.com/video/7588105528946019611,刘伟涛博士 | 北京刑事律师,吸毒记录封存，不是大家想的那样#法工委回应吸毒记录封存相关问题,42,24000,2025-12-26T02:05:05+00:00,10,Informational,0.487805,Mitigating,high,10,2,0.19977296363576896,0.2,0
v393,douyin,7579476150717652389,https://www.douyin.com/video/7579476150717652389,北京李瑜律师,说说违法记录封存的事#违法记录封存 #非法记录 #治安管理处罚法 #禁毒法 #戒毒条例,168,3276,2025-12-02T19:58:40+00:00,49,Informational,1.0,Mitigating,high,49,6,0.12904282232290026,0.12244897959183673,0
v394,douyin,7587728853225852187,https://www.douyin.com/video/7587728853225852187,宁夏刘佳律师,吸D，PC记录被封存，对社会影响大不大 #吸毒记录封存政策 #记录封存 #银川律师 #银川刑事律师,18,3439,2025-12-25T04:30:00+00:00,5,Informational,1.0,Mitigating,high,5,0,0.0006229208112927154,0.0,0
v395,douyin,7580723720533710562,https://www.douyin.com/video/7580723720533710562,山东刑事律师翟红亮,什么情况下吸毒记录封存！#山东律师 #刑事律师#抖来学法,197,9818,2025-12-06T04:39:48+00:00,14,Informational,1.0,Mitigating,high,14,2,0.14293489520007693,0.14285714285714285,0
v396,douyin,7580327379450309627,https://www.douyin.com/video/7580327379450309627,雷律师说法,吸毒记录封存！ 这算是给轻微违法人员的悔过机会吗？ #律师 #法律咨询 #涨知识 #离婚 #违法必究,130,51000,2025-12-05T03:01:46+00:00,12,Informational,1.0,Informational,high,12,1,0.0832844311601851,0.08333333333333333,0
v397,douyin,7579927073066634532,https://www.douyin.com/video/7579927073066634532,北京刑事律师张新海,吸毒记录封存，3句话讲清核心#禁毒 #刑事律师 #刑事辩护,36,767,2025-12-04T01:08:28+00:00,5,Mitigating,0.972222,Mitigating,high,5,1,0.20178783903393196,0.2,0
v398,douyin,7592054032865746853,https://www.douyin.com/video/7592054032865746853,北京崔建晔律师,吸毒记录封存不等于删除#刑事律师#北京律师,23,5581,2026-01-05T17:27:09+00:00,5,Informational,1.0,Mitigating,high,5,0,0.0006880654647829943,0.0,0
v399,douyin,7581413140291669285,https://www.douyin.com/video/7581413140291669285,陈建国律师,吸毒记录封存#治安管理处罚法#吸毒封存 律师说法#,178,611,2025-12-08T01:15:05+00:00,12,Mitigating,1.0,Intensifying,medium,12,0,0.000822511154183303,0.0,0
v400,douyin,7587764379451329849,https://www.douyin.com/video/7587764379451329849,广东律师张伟聪,吸毒封存不等于放松禁毒工作#禁毒#档案封存,138,83000,2025-12-25T04:01:17+00:00,9,Informational,1.0,Mitigating,high,9,1,0.11298470816271017,0.1111111111111111,0
v401,douyin,7581785101362154752,https://www.douyin.com/video/7581785101362154752,江苏律师徐业兵,#上热门 违法记录封存制度#宿迁刑事律师#宿迁宿城刑事律师#宿迁沭阳刑事律师#宿迁泗阳刑事律师,34,2987,2025-12-09T01:18:32+00:00,5,Informational,0.984615,Mitigating,high,5,0,0.00020385819370858372,0.0,0
v402,douyin,7579944873545960742,https://www.douyin.com/video/7579944873545960742,东莞黄志聪律师,治安违法记录将“封存” 引发社会热议 治安违法记录将“封存”引发社会热议#违法记录封存 #违法记录封存不等于纵容违法 #治安管理处罚法 #东莞律师 #普法宣传,695,2598,2025-12-04T02:17:28+00:00,27,Informational,0.615385,Mitigating,high,27,7,0.2616239617176082,0.25925925925925924,0
v403,douyin,7581025510412042939,https://www.douyin.com/video/7581025510412042939,大理古城刘律师,#吸毒记录封存政策 #律师 #法律咨询 #大理,261,164,2025-12-07T00:10:53+00:00,15,Informational,0.968254,Mitigating,high,15,2,0.1333922768360935,0.13333333333333333,0
v404,douyin,7593570143394334385,https://www.douyin.com/video/7593570143394334385,泉州范律师,#热门#违法记录封存≠销痕，你可能理解错了#泉州刑事律师,13,162,2026-01-09T19:30:25+00:00,3,Informational,0.50641,Mitigating,high,3,1,0.3325948140991386,0.3333333333333333,1
v405,douyin,7587302338706457317,https://www.douyin.com/video/7587302338706457317,大兵辣评🇨🇳,🔥吸毒记录封存：官方回应 …… 🔥吸毒记录封存：官方回应 ……  #社会热点 #真实事件 #情感 #讨论 #热点,125,127000,2025-12-23T22:09:08+00:00,10,Mitigating,0.989691,Mitigating,high,10,0,0.016516914383100812,0.0,0
v406,douyin,7584472157217459510,https://www.douyin.com/video/7584472157217459510,果儿妈赵律在郑州,吸毒记录封存新规好不好？！ 睡前小谈：小朋友带着朴素的法律观，从思辨角度为大家讲述吸毒记录封存之好与坏。希望他是未来的地理学家中法律知识最牛的😎#律师夫妇 #育儿日常 #果儿味十足 #吸毒记录封存政策,172,136,2025-12-16T07:05:51+00:00,10,Informational,1.0,Intensifying,medium,10,1,0.10074644836349762,0.1,0
v407,douyin,7579913308262734565,https://www.douyin.com/video/7579913308262734565,杭州网,浙江宣传发文：“吸毒记录封存”之忧要被听见。公众的强烈反应，是基于历史创伤、现实牺牲与安全焦虑的发声！#禁毒,43965,8246000,2025-12-04T00:15:00+00:00,655,Informational,0.636364,Informational,medium,655,65,0.09864160866286754,0.09923664122137404,0
v408,douyin,7579836684112753317,https://www.douyin.com/video/7579836684112753317,杭州网,浙江宣传发文：“吸毒记录封存”之忧要被听见。公众的强烈反应，是基于历史创伤、现实牺牲与安全焦虑的发声！#禁毒,45075,8246000,2025-12-03T19:17:41+00:00,1202,Mitigating,0.545455,Informational,medium,1202,178,0.1481658896397574,0.1480865224625624,0
v409,douyin,7579872456731544874,https://www.douyin.com/video/7579872456731544874,政知道,封存吸毒记录，也要回答人们的担忧 #禁毒 #治安管理处罚法 #档案,917,12322000,2025-12-03T21:36:30+00:00,33,Informational,0.721311,Mitigating,high,33,1,0.03217162882444399,0.030303030303030304,0
v410,douyin,7579536455043665193,https://www.douyin.com/video/7579536455043665193,Hi贵州,#浙江宣传发文引发反响  浙江宣传发表评论文章 “吸毒记录封存”之忧要被听见。公众的强烈反应，不能被简单归结为 对“改过自新”等理念的否定 #禁毒  #Hi贵州,20403,1085000,2025-12-02T23:52:41+00:00,200,Intensifying,0.6,Informational,high,200,12,0.06050059335160768,0.06,0
v411,douyin,7579985815397289270,https://www.douyin.com/video/7579985815397289270,河南都市频道,浙江宣传发表评论：“吸毒记录封存”之忧要被听见，理解其背后的民族情感与安全诉求是公共政策赢得广泛认同的基石。#媒体精选计划 #解读 #浙江宣传,18460,16093000,2025-12-04T04:56:45+00:00,349,Informational,0.431373,Mitigating,high,349,17,0.04804015092956868,0.04871060171919771,0
v412,douyin,7579548650469791690,https://www.douyin.com/video/7579548650469791690,通化广播电视台,“吸毒记录封存”之忧要被听见@浙江宣传,24225,144000,2025-12-03T00:39:57+00:00,795,Mitigating,1.0,Informational,high,795,127,0.160014302905057,0.15974842767295597,0
v413,douyin,7579532298518125809,https://www.douyin.com/video/7579532298518125809,热度新闻,近日，将于2026年1月1日开始施行的新修订的《中华人民共和国治安管理处罚法》中，治安违法记录封存制度条款引发热议。其中，“吸毒记录封存”成为舆论漩涡的中心。#禁毒 #禁毒宣传 #缉毒警察,2395,3078000,2025-12-02T23:36:31+00:00,4,Intensifying,0.777778,Intensifying,high,4,0,0.0002528582863305928,0.0,0
v414,douyin,7580246443194191150,https://www.douyin.com/video/7580246443194191150,平顶山广播电视台,浙江宣传发表评论:“吸毒记录封存”之忧要被听见，理解其背后的民族情感与安全诉求是公共政策赢得广泛认同的基石（摄制：实习生杨惠茹）#禁毒,313,930000,2025-12-04T21:47:46+00:00,6,Mitigating,0.449275,Informational,high,6,1,0.1665491840140021,0.16666666666666666,0
v415,douyin,7579524446193585458,https://www.douyin.com/video/7579524446193585458,公关世界杂志社记者编辑部,“吸毒记录封存”之忧要被听见，浙江宣传：英雄以生命铸就的防线不能出现任何可能被侵蚀的缝隙，公众并非不支持违法者改过自新，但一触及“毒”，神经便骤然绷紧#吸毒记录封存引热议 #民众之忧要被听见,14170,70000,2025-12-02T23:06:04+00:00,99,Mitigating,0.875,Intensifying,medium,99,3,0.03065351603381163,0.030303030303030304,0
v416,douyin,7578791074001341696,https://www.douyin.com/video/7578791074001341696,蒙山县融媒体中心,“吸毒记录等将被封存”引热议 专家解读 #吸毒记录封存,52,24000,2025-11-30T23:40:10+00:00,6,Informational,0.5625,Mitigating,high,6,2,0.31471057801051455,0.3333333333333333,1
v417,douyin,7579660112744720058,https://www.douyin.com/video/7579660112744720058,大众新闻-大众日报,给机会但不能给“后门”，吸毒记录封存的执行天平 要让孩子看清那条“带电”的红线！#吸毒检测 #禁毒 #禁毒宣传 #缉毒警察 #缉毒现场,505656,2146000,2025-12-03T07:52:41+00:00,8344,Intensifying,0.482143,Intensifying,high,8344,1791,0.21488548363167437,0.21464525407478427,0
v418,douyin,7580190461231418675,https://www.douyin.com/video/7580190461231418675,观察者网,最高法调研称，毒品犯罪应排除在犯罪记录封存之外,177119,14643000,2025-12-04T18:10:27+00:00,3272,Informational,0.533333,Intensifying,medium,3272,428,0.13109751990659654,0.13080684596577016,0
v419,douyin,7585464047613529353,https://www.douyin.com/video/7585464047613529353,新京报,前戒毒所所长谈吸毒记录封存(二):吸毒记录封存及时给法律打补丁 未成年人也应当由司法行政机关 主动地实施封存#媒体精选计划,3963,27385000,2025-12-18T23:14:46+00:00,150,Informational,0.813953,Mitigating,high,150,14,0.09396625703190997,0.09333333333333334,0
v420,douyin,7581087410881088809,https://www.douyin.com/video/7581087410881088809,BRTV新闻,最高法调研报告：毒品犯罪应排除在犯罪记录封存之外 #媒体精选计划,144494,5082000,2025-12-07T04:11:14+00:00,365,Informational,0.510204,Intensifying,medium,365,98,0.26881693588865385,0.2684931506849315,0
v421,douyin,7579860459457678628,https://www.douyin.com/video/7579860459457678628,铜山欣角度,最高法调研称毒品犯罪应排除在犯罪记录封存之外！ #吸毒记录封存犯罪记录不会封存,29268,25000,2025-12-03T20:50:01+00:00,346,Informational,1.0,Intensifying,high,346,57,0.16376185560631523,0.16473988439306358,0
v422,douyin,7578826749841132851,https://www.douyin.com/video/7578826749841132851,四川日报,网传其子“朱卓拉”涉毒被刑拘，律师朱征夫否认相关传闻：针对恶意诋毁和造谣中伤已报案,69542,11728000,2025-12-01T01:58:39+00:00,7532,Informational,0.6,Informational,high,7532,550,0.07399918807258397,0.0730217737652682,0
v423,douyin,7579890740243762438,https://www.douyin.com/video/7579890740243762438,赵小龙 律师,违法记录封存是法治的进步 违法记录封存是法治的进步#违法记录封存 #治安管理处罚法136条 #犯罪记录封存 @抖音法律 @侠客岛 @半月谈,1997,13000,2025-12-03T22:47:31+00:00,100,Informational,0.726324,Mitigating,high,100,20,0.2010734513618081,0.2,0
v424,douyin,7578808587141516596,https://www.douyin.com/video/7578808587141516596,抚州头条,近日，新修订的《中华人民共和国治安管理处罚法》中违法记录封存制度引发社会关注。新法规定，违反治安管理的记录应当予以封存，不得向任何单位和个人提供或者公开，这项制度旨在为轻微过错者“松绑”。 此前，全国人大代表朱征夫多次呼吁建立轻罪前科记录封存制度，这导致朱征夫近期成为大量网民攻击的对象。 大量网传消息称：“武大法学教授朱征夫，其子朱卓拉因涉嫌容留他人吸毒罪被刑事拘留”，亦有传言称其吸毒的儿子名为“朱卓佳”，还有更夸张的传言称其全家涉毒，质疑其提轻罪前科记录封存制度建议是为家人考虑。 据南方+记者了解，朱征夫并非武大教授，而是一名律师，是浩天律师事务所的合伙人。 而有关其家人吸毒的传言，12月1日，朱征夫告诉南方+记者，针对网上的恶意诋毁和造谣中伤行为，其已向公安机关报案，并已委托律师向法院提起侵权民事诉讼。据介绍，朱征夫没有叫“朱卓佳”或者“朱卓拉”的儿子，家人也从未涉毒，更没有受过刑事处罚。 相关报道：“吸毒记录等将被封存”引热议，专家：非对特定群体保护，是可改过自新的政策,1328,115000,2025-12-01T00:48:09+00:00,7,Informational,0.666667,Informational,medium,7,0,0.0003165529903656404,0.0,0
v425,douyin,7580216111451359717,https://www.douyin.com/video/7580216111451359717,商丘广播电视台,最高法调研称：毒品犯罪等特定罪名，应排除在犯罪记录封存之外。#禁毒#犯罪封存,22306,576000,2025-12-04T19:50:02+00:00,407,Informational,0.571429,Intensifying,medium,407,86,0.21049369125886128,0.2113022113022113,0
v426,douyin,7579992433275212287,https://www.douyin.com/video/7579992433275212287,海报新闻,最高法调研称：毒品犯罪等特定罪名应排除在犯罪记录封存之外，倾向于将犯罪记录封存制度适用于初犯，各界一致认为轻微犯罪记录封存后，若出现特定事由应解除或撤销封存（第一财经）#犯罪记录封存 #禁毒,8460,18444000,2025-12-04T05:21:59+00:00,248,Informational,0.5,Informational,high,248,55,0.2210949852922333,0.2217741935483871,0
v427,douyin,7589956388978216207,https://www.douyin.com/video/7589956388978216207,天水贾晨律师,犯罪记录年初封存？ 违法记录，犯罪记录这一对概念经常会被混淆。近日新的治安管理处罚法即将开始施行。其中对于违法记录封存有明确的规定。但好多人却将它与犯罪记录封存相混淆。今天一文讲清。#违法记录封存 #犯罪记录封存 #治安管理处罚法 #轻罪封存制度 #天水贾晨律师,2088,4389,2025-12-31T02:46:05+00:00,296,Informational,0.925926,Mitigating,high,296,19,0.06415319246013029,0.06418918918918919,0
v428,douyin,7579844014258588943,https://www.douyin.com/video/7579844014258588943,第一财经,最高法调研称：毒品犯罪等特定罪名应排除在犯罪记录封存之外，各界一致认为，轻微犯罪记录封存后，若出现特定事由，应解除或撤销封存,151156,11532000,2025-12-03T19:46:09+00:00,50,Intensifying,0.8,Informational,high,50,14,0.27925579804825246,0.28,0
v429,douyin,7581434718488857862,https://www.douyin.com/video/7581434718488857862,大风新闻,最高法曾刊发调研报告，不赞成毒品犯罪记录封存#最高法 #记录封存 #毒品 #吸毒记录封存政策 #治安管理处罚法,232536,3525000,2025-12-08T02:38:52+00:00,149,Informational,0.952663,Intensifying,medium,149,15,0.10371367844396787,0.10067114093959731,0
v430,douyin,7598818619443875689,https://www.douyin.com/video/7598818619443875689,律师老胡,孩子就是未来 远离☠️ 生命不息 禁☠️不止#禁毒 #禁毒宣传 #守护 #未成年 #律师,162631,24000,2026-01-23T22:57:13+00:00,5910,Intensifying,1.0,Intensifying,high,5910,677,0.1148897986593997,0.11455160744500846,0
v431,douyin,7586636623866563897,https://www.douyin.com/video/7586636623866563897,淄博于浩律师,嫖娼记录，2026年封存制度 #淄博律师#犯罪记录封存#法律常识#行政拘留 #刑事,596,16000,2025-12-22T03:05:07+00:00,50,Informational,0.78125,Mitigating,high,50,2,0.040550012652383886,0.04,0
v432,douyin,7587265779133975854,https://www.douyin.com/video/7587265779133975854,逐浪新闻,据人民日报，修订后的治安管理处罚法将于2026年1月1日起施行。近期，一些网络媒体、网友等对治安管理处罚法第136条规定比较关注，提出了一些疑问。就此，记者联系全国人大常委会法制工作委员会发言人办公室，希望法工委对网络舆情反映的一些关切和问题给予必要说明。法工委有关负责人从五个方面作出了说明和回应。,6666,27945000,2025-12-23T19:46:23+00:00,2,Mitigating,1.0,Informational,high,2,0,0.0008387125562876463,0.0,0
v433,douyin,7593530334420028726,https://www.douyin.com/video/7593530334420028726,阿干胡侃,别拿“上帝的宽恕”来忽悠中国人：法学界这套“白左”把戏，真让人恶心 #法学 #教育 #白左 #阿干胡侃,2535,234000,2026-01-10T02:00:00+00:00,100,Informational,0.633484,Intensifying,high,100,7,0.07044053390527552,0.07,0
v434,douyin,7587564950088895785,https://www.douyin.com/video/7587564950088895785,泽谊律所—刘主任,#正能量传递 #热点话题🔥🔥 #老百姓关心的话题,4912,610,2025-12-24T15:07:39+00:00,368,Mitigating,0.986842,Mitigating,high,368,70,0.19024313475373003,0.19021739130434784,0
v435,douyin,7578119008805869434,https://www.douyin.com/video/7578119008805869434,石榴云12345问政,南通文旅六字吐槽爆火背后……,3790,46000,2025-11-29T04:12:10+00:00,11,Informational,0.5,Mitigating,high,11,1,0.09602660369273508,0.09090909090909091,0
v436,douyin,7618007629240123091,https://www.douyin.com/video/7618007629240123091,竹林听雨(11),,1683,20000,2026-03-16T16:00:20+00:00,100,Informational,0.919355,Intensifying,medium,100,3,0.030651421059046696,0.03,0
v437,douyin,7608593520866490213,https://www.douyin.com/video/7608593520866490213,万马踏青朝前跃,去年南通哪个少爷吸了，今年又来这么个小品，江苏是真刚啊#江苏卫视 #江苏春晚,24,220,2026-02-19T07:08:48+00:00,3,Informational,0.947917,Intensifying,high,3,0,0.0015718134188015636,0.0,0
v438,douyin,7587267538673814834,https://www.douyin.com/video/7587267538673814834,瞭望东方周刊,关于治安管理处罚法第136条相关问题的说明和回应,247,2639000,2025-12-23T19:53:11+00:00,43,Mitigating,1.0,Mitigating,high,43,2,0.0469256511061631,0.046511627906976744,0
v439,douyin,7591919011669304805,https://www.douyin.com/video/7591919011669304805,张律有说法,治安管理处罚法后续来了#真实生活分享计划 #抖音玩法合伙人计划 #刑事律师 #法律咨询 #刑事律师张梦月,9977,592,2026-01-05T08:43:18+00:00,319,Informational,0.520325,Mitigating,medium,319,48,0.15465235648834405,0.15047021943573669,0
v440,douyin,7589220371020270971,https://www.douyin.com/video/7589220371020270971,晋城公安,2026年1月1日起，正式实施！这些变化你一定要知道！#太行美警 #治安管理处罚法,691579,323000,2025-12-29T02:11:08+00:00,18815,Mitigating,0.646341,Informational,high,18815,774,0.042025584705970086,0.041137390380015945,0
v441,douyin,7581415468557257984,https://www.douyin.com/video/7581415468557257984,铜鼓发布,《中华人民共和国治安管理处罚法》引发热议 #治安管理处罚法 #法律 @抖音小助手 @DOU+上热门,49193,104000,2025-12-08T19:00:00+00:00,3003,Mitigating,1.0,Informational,high,3003,373,0.12520640447863574,0.12420912420912421,0
v442,douyin,7579500411368665061,https://www.douyin.com/video/7579500411368665061,浅墨染雪,我们的决心从未改变，那就是…#禁毒 #禁毒宣传 #缉毒警察 #致敬 #科普,365779,87000,2025-12-02T21:32:46+00:00,8808,Mitigating,0.625,Intensifying,high,8808,715,0.08156550948739313,0.08117620345140782,0
v443,douyin,7587274613160168754,https://www.douyin.com/video/7587274613160168754,中国新闻网,我国禁毒工作没有任何松懈,97813,39725000,2025-12-23T20:20:42+00:00,12,Mitigating,1.0,Intensifying,high,12,1,0.08298937055830417,0.08333333333333333,0
v444,douyin,7579174113978125619,https://www.douyin.com/video/7579174113978125619,Tonight今晚,"治安违法记录应该如何正确""封存""? 邹荣：完善制度配套 ""自证清白""不能继续存在",4095,4309000,2025-12-02T00:26:32+00:00,18,Mitigating,1.0,Mitigating,high,18,1,0.05657599814973461,0.05555555555555555,0
v445,douyin,7583279822491684159,https://www.douyin.com/video/7583279822491684159,郑州郭小番律师,轻罪封存，郑州暂不适用！#郑州律师#郑州靠谱律师#郑州在哪里找律师,48,2952,2025-12-13T01:58:56+00:00,11,Informational,1.0,Informational,high,11,2,0.1821172254984214,0.18181818181818182,0
v446,douyin,7578935520173264802,https://www.douyin.com/video/7578935520173264802,西安广播电视台,朱征夫回应“儿子吸毒”传言：假的，已报警 #朱征夫 #吸毒 #你好我的城,3149,1788000,2025-12-01T09:00:48+00:00,6,Informational,1.0,Informational,high,6,1,0.16667809875313347,0.16666666666666666,0
v447,douyin,7589605722510380323,https://www.douyin.com/video/7589605722510380323,辽宁文正律师所荣律师,封存违法记录，你赞同吗？ #治安管理处罚法 #封存 #治安处罚 #辽阳律师 #一笑江湖dj,24,5820,2025-12-30T03:06:52+00:00,12,Informational,1.0,Mitigating,high,12,1,0.08338152286463203,0.08333333333333333,0
v448,douyin,7580269155383774499,https://www.douyin.com/video/7580269155383774499,抖音黑板报,辟谣：朱征夫儿子吸毒？——假！本周#AI抖音求真  案例已更新。搜索热门谣言关键词，即可查看辟谣完整信息 #AI抖音求真,9600,2456000,2025-12-04T23:15:52+00:00,20,Mitigating,0.869565,Informational,high,20,2,0.10250979908014415,0.1,0
v449,douyin,7579091508947733810,https://www.douyin.com/video/7579091508947733810,利州融媒,朱征夫回应“儿子吸毒”传言：已报警,456,1181000,2025-12-01T19:06:00+00:00,100,Mitigating,1.0,Informational,high,100,8,0.085328960208426,0.08,0
